0	append_latency	max_ns	5878	ring	0.9742256387067602
0	append_latency	max_ns	5878	array	1.0307483608410581
0	append_latency	p50_ns	5878	ring	1.434782608695652
0	append_latency	p50_ns	5878	array	1.391304347826087
0	append_latency	p999_ns	5878	ring	5.335164835164835
0	append_latency	p999_ns	5878	array	6.3076923076923075
0	append_latency	p99_ns	5878	ring	1.337837837837838
0	append_latency	p99_ns	5878	array	1.3783783783783783
1	steady_maxlen_latency	max_ns	31167	ring	0.9229157938835358
1	steady_maxlen_latency	max_ns	31167	array	21.928152492668623
1	steady_maxlen_latency	p50_ns	31167	ring	0.9795918367346939
1	steady_maxlen_latency	p50_ns	31167	array	1.0
1	steady_maxlen_latency	p999_ns	31167	ring	0.4260355029585799
1	steady_maxlen_latency	p999_ns	31167	array	3.260355029585799
1	steady_maxlen_latency	p99_ns	31167	ring	0.6601941747572816
1	steady_maxlen_latency	p99_ns	31167	array	0.6504854368932039
2	append_popleft_steady	ns_per_op	1	ring	1.1959760329915226
2	append_popleft_steady	ns_per_op	1	array	1.2969101972767592
3	append_popleft_steady	ns_per_op	17505	ring	1.083189701226341
3	append_popleft_steady	ns_per_op	17505	array	0.9920386503398607
4	append_only	ns_per_op	2494	ring	1.0469892036570096
4	append_only	ns_per_op	2494	array	0.9279898801144639
5	append_only	ns_per_op	127393	ring	1.0506205105067579
5	append_only	ns_per_op	127393	array	1.0595021944886802
6	getitem_random	ns_per_op	12729	ring	0.27230770940950627
6	getitem_random	ns_per_op	12729	array	0.24356612291756724
7	append_latency	max_ns	96	ring	1.735408560311284
7	append_latency	max_ns	96	array	1.8832684824902723
7	append_latency	p50_ns	96	ring	1.0
7	append_latency	p50_ns	96	array	1.0
7	append_latency	p999_ns	96	ring	1.735408560311284
7	append_latency	p999_ns	96	array	1.8832684824902723
7	append_latency	p99_ns	96	ring	1.735408560311284
7	append_latency	p99_ns	96	array	1.8832684824902723
8	append_popleft_steady	ns_per_op	11	ring	1.0680122377839678
8	append_popleft_steady	ns_per_op	11	array	1.0159604221097978
9	append_latency	max_ns	1	ring	2.7845528455284554
9	append_latency	max_ns	1	array	1.7398373983739837
9	append_latency	p50_ns	1	ring	2.7845528455284554
9	append_latency	p50_ns	1	array	1.7398373983739837
9	append_latency	p999_ns	1	ring	2.7845528455284554
9	append_latency	p999_ns	1	array	1.7398373983739837
9	append_latency	p99_ns	1	ring	2.7845528455284554
9	append_latency	p99_ns	1	array	1.7398373983739837
10	append_popleft_steady	ns_per_op	2	ring	1.0814421569971515
10	append_popleft_steady	ns_per_op	2	array	1.3074023068652478
11	append_only	ns_per_op	795	ring	1.0970112547784017
11	append_only	ns_per_op	795	array	1.0361818303016794
12	append_popleft_steady	ns_per_op	450927	ring	1.0177033818316785
12	append_popleft_steady	ns_per_op	450927	array	1.008446283267001
13	append_popleft_steady	ns_per_op	388852	ring	1.044205193029807
13	append_popleft_steady	ns_per_op	388852	array	1.0007778449815787
14	append_latency	max_ns	4996	ring	5.5181023720349565
14	append_latency	max_ns	4996	array	5.49438202247191
14	append_latency	p50_ns	4996	ring	1.1063829787234043
14	append_latency	p50_ns	4996	array	0.9787234042553191
14	append_latency	p999_ns	4996	ring	4.558252427184466
14	append_latency	p999_ns	4996	array	4.79126213592233
14	append_latency	p99_ns	4996	ring	1.0657894736842106
14	append_latency	p99_ns	4996	array	1.013157894736842
15	steady_maxlen_latency	max_ns	23	ring	1.0081723625557206
15	steady_maxlen_latency	max_ns	23	array	0.17360079247152055
15	steady_maxlen_latency	p50_ns	23	ring	1.1730769230769231
15	steady_maxlen_latency	p50_ns	23	array	1.1923076923076923
15	steady_maxlen_latency	p999_ns	23	ring	1.029126213592233
15	steady_maxlen_latency	p999_ns	23	array	1.2233009708737863
15	steady_maxlen_latency	p99_ns	23	ring	1.3934426229508197
15	steady_maxlen_latency	p99_ns	23	array	1.6557377049180328
16	append_only	ns_per_op	1	ring	0.9611483395493637
16	append_only	ns_per_op	1	array	0.881388736069799
17	append_latency	max_ns	11224	ring	4.352564102564102
17	append_latency	max_ns	11224	array	4.631410256410256
17	append_latency	p50_ns	11224	ring	1.0444444444444445
17	append_latency	p50_ns	11224	array	1.0444444444444445
17	append_latency	p999_ns	11224	ring	1.149519890260631
17	append_latency	p999_ns	11224	array	0.9835390946502057
17	append_latency	p99_ns	11224	ring	0.958904109589041
17	append_latency	p99_ns	11224	array	1.0136986301369864
18	getitem_random	ns_per_op	3167	ring	0.6800661147060781
18	getitem_random	ns_per_op	3167	array	0.6042890680638445
19	append_only	ns_per_op	722	ring	1.1004817501267696
19	append_only	ns_per_op	722	array	1.0514369679669486
20	append_only	ns_per_op	8195	ring	1.1882387483220367
20	append_only	ns_per_op	8195	array	0.9820455522164144
21	append_latency	max_ns	669	ring	1.5742857142857143
21	append_latency	max_ns	669	array	1.1171428571428572
21	append_latency	p50_ns	669	ring	0.7058823529411765
21	append_latency	p50_ns	669	array	1.1029411764705883
21	append_latency	p999_ns	669	ring	1.5742857142857143
21	append_latency	p999_ns	669	array	1.1171428571428572
21	append_latency	p99_ns	669	ring	0.8027210884353742
21	append_latency	p99_ns	669	array	1.5578231292517006
22	getitem_random	ns_per_op	2	ring	0.8450840573643831
22	getitem_random	ns_per_op	2	array	0.7270748731850317
23	steady_maxlen_latency	max_ns	48	ring	1.0092823183155988
23	steady_maxlen_latency	max_ns	48	array	1.0040751641385557
23	steady_maxlen_latency	p50_ns	48	ring	0.96
23	steady_maxlen_latency	p50_ns	48	array	0.96
23	steady_maxlen_latency	p999_ns	48	ring	1.1571428571428573
23	steady_maxlen_latency	p999_ns	48	array	1.457142857142857
23	steady_maxlen_latency	p99_ns	48	ring	1.11864406779661
23	steady_maxlen_latency	p99_ns	48	array	1.2033898305084745
24	append_latency	max_ns	256	ring	1.6058201058201058
24	append_latency	max_ns	256	array	0.7248677248677249
24	append_latency	p50_ns	256	ring	0.8636363636363636
24	append_latency	p50_ns	256	array	0.9090909090909091
24	append_latency	p999_ns	256	ring	1.6058201058201058
24	append_latency	p999_ns	256	array	0.7248677248677249
24	append_latency	p99_ns	256	ring	1.0252525252525253
24	append_latency	p99_ns	256	array	1.2121212121212122
25	getitem_random	ns_per_op	4604	ring	0.5777334789647093
25	getitem_random	ns_per_op	4604	array	0.49457660724963043
26	append_only	ns_per_op	6	ring	0.9694956172140611
26	append_only	ns_per_op	6	array	0.939851523797479
27	steady_maxlen_latency	max_ns	3721	ring	0.19019607843137254
27	steady_maxlen_latency	max_ns	3721	array	4.890849673202615
27	steady_maxlen_latency	p50_ns	3721	ring	1.08
27	steady_maxlen_latency	p50_ns	3721	array	0.98
27	steady_maxlen_latency	p999_ns	3721	ring	0.8723404255319149
27	steady_maxlen_latency	p999_ns	3721	array	3.4893617021276597
27	steady_maxlen_latency	p99_ns	3721	ring	1.1935483870967742
27	steady_maxlen_latency	p99_ns	3721	array	1.032258064516129
28	steady_maxlen_latency	max_ns	551	ring	0.9297912713472486
28	steady_maxlen_latency	max_ns	551	array	1.0396373603204723
28	steady_maxlen_latency	p50_ns	551	ring	0.5802469135802469
28	steady_maxlen_latency	p50_ns	551	array	1.0493827160493827
28	steady_maxlen_latency	p999_ns	551	ring	0.592
28	steady_maxlen_latency	p999_ns	551	array	2.696
28	steady_maxlen_latency	p99_ns	551	ring	0.5714285714285714
28	steady_maxlen_latency	p99_ns	551	array	1.163265306122449
29	append_only	ns_per_op	580655	ring	1.2604809235402163
29	append_only	ns_per_op	580655	array	1.2105020573611582
30	steady_maxlen_latency	max_ns	3	ring	0.983073798239675
30	steady_maxlen_latency	max_ns	3	array	0.08011735499887158
30	steady_maxlen_latency	p50_ns	3	ring	1.02
30	steady_maxlen_latency	p50_ns	3	array	1.06
30	steady_maxlen_latency	p999_ns	3	ring	1.2058823529411764
30	steady_maxlen_latency	p999_ns	3	array	1.2205882352941178
30	steady_maxlen_latency	p99_ns	3	ring	1.0338983050847457
30	steady_maxlen_latency	p99_ns	3	array	1.271186440677966
31	append_only	ns_per_op	3	ring	0.9577312668955212
31	append_only	ns_per_op	3	array	0.8971095196722332
32	getitem_random	ns_per_op	810	ring	1.0789350328002738
32	getitem_random	ns_per_op	810	array	0.9551001366736176
33	steady_maxlen_latency	max_ns	18332	ring	11.111645813282001
33	steady_maxlen_latency	max_ns	18332	array	26.826756496631376
33	steady_maxlen_latency	p50_ns	18332	ring	0.9423076923076923
33	steady_maxlen_latency	p50_ns	18332	array	0.9615384615384616
33	steady_maxlen_latency	p999_ns	18332	ring	1.062015503875969
33	steady_maxlen_latency	p999_ns	18332	array	4.0852713178294575
33	steady_maxlen_latency	p99_ns	18332	ring	0.9285714285714286
33	steady_maxlen_latency	p99_ns	18332	array	0.9285714285714286
34	steady_maxlen_latency	max_ns	57	ring	2.6644144144144146
34	steady_maxlen_latency	max_ns	57	array	0.18243243243243243
34	steady_maxlen_latency	p50_ns	57	ring	1.392156862745098
34	steady_maxlen_latency	p50_ns	57	array	0.9803921568627451
34	steady_maxlen_latency	p999_ns	57	ring	2.183098591549296
34	steady_maxlen_latency	p999_ns	57	array	1.4507042253521127
34	steady_maxlen_latency	p99_ns	57	ring	1.5757575757575757
34	steady_maxlen_latency	p99_ns	57	array	1.2727272727272727
35	getitem_random	ns_per_op	5162	ring	0.549125779637964
35	getitem_random	ns_per_op	5162	array	0.46318814314597495
36	getitem_random	ns_per_op	874	ring	1.1262807419962204
36	getitem_random	ns_per_op	874	array	0.9618575353325479
37	append_latency	max_ns	2150	ring	13.641104294478527
37	append_latency	max_ns	2150	array	5.852760736196319
37	append_latency	p50_ns	2150	ring	0.6811594202898551
37	append_latency	p50_ns	2150	array	0.782608695652174
37	append_latency	p999_ns	2150	ring	3.060747663551402
37	append_latency	p999_ns	2150	array	1.4532710280373833
37	append_latency	p99_ns	2150	ring	0.75
37	append_latency	p99_ns	2150	array	0.9711538461538461
38	append_latency	max_ns	270	ring	1.47985347985348
38	append_latency	max_ns	270	array	1.0366300366300367
38	append_latency	p50_ns	270	ring	0.9583333333333334
38	append_latency	p50_ns	270	array	1.1666666666666667
38	append_latency	p999_ns	270	ring	1.47985347985348
38	append_latency	p999_ns	270	array	1.0366300366300367
38	append_latency	p99_ns	270	ring	1.0335195530726258
38	append_latency	p99_ns	270	array	1.324022346368715
39	append_latency	max_ns	469	ring	3.9878048780487805
39	append_latency	max_ns	469	array	1.0406504065040652
39	append_latency	p50_ns	469	ring	2.3617021276595747
39	append_latency	p50_ns	469	array	0.9574468085106383
39	append_latency	p999_ns	469	ring	3.9878048780487805
39	append_latency	p999_ns	469	array	1.0406504065040652
39	append_latency	p99_ns	469	ring	3.0737704918032787
39	append_latency	p99_ns	469	array	1.4836065573770492
40	append_popleft_steady	ns_per_op	576768	ring	0.9945130451593505
40	append_popleft_steady	ns_per_op	576768	array	1.0236431080530481
41	steady_maxlen_latency	max_ns	317301	ring	1.743054595715273
41	steady_maxlen_latency	max_ns	317301	array	22.499758120248792
41	steady_maxlen_latency	p50_ns	317301	ring	1.0
41	steady_maxlen_latency	p50_ns	317301	array	0.96
41	steady_maxlen_latency	p999_ns	317301	ring	1.0852713178294573
41	steady_maxlen_latency	p999_ns	317301	array	5.3565891472868215
41	steady_maxlen_latency	p99_ns	317301	ring	1.0
41	steady_maxlen_latency	p99_ns	317301	array	1.1166666666666667
42	getitem_random	ns_per_op	1108	ring	0.9705610293918127
42	getitem_random	ns_per_op	1108	array	0.8605537377859961
43	steady_maxlen_latency	max_ns	21	ring	0.11329851345922057
43	steady_maxlen_latency	max_ns	21	array	1.786259541984733
43	steady_maxlen_latency	p50_ns	21	ring	0.9387755102040817
43	steady_maxlen_latency	p50_ns	21	array	0.9591836734693877
43	steady_maxlen_latency	p999_ns	21	ring	0.9210526315789473
43	steady_maxlen_latency	p999_ns	21	array	1.0394736842105263
43	steady_maxlen_latency	p99_ns	21	ring	1.0344827586206897
43	steady_maxlen_latency	p99_ns	21	array	1.1551724137931034
44	append_only	ns_per_op	493	ring	1.093414194585675
44	append_only	ns_per_op	493	array	1.0365926551990592
45	getitem_random	ns_per_op	182	ring	0.8043101155058724
45	getitem_random	ns_per_op	182	array	0.6770889316565785
46	append_popleft_steady	ns_per_op	156	ring	1.0774535326783212
46	append_popleft_steady	ns_per_op	156	array	1.0280727017538325
47	append_only	ns_per_op	801	ring	1.1275964596069743
47	append_only	ns_per_op	801	array	1.025313550741718
48	append_only	ns_per_op	2	ring	0.9401535522553406
48	append_only	ns_per_op	2	array	0.8815471849239979
49	append_latency	max_ns	319609	ring	45.06867448471926
49	append_latency	max_ns	319609	array	41.19003198294243
49	append_latency	p50_ns	319609	ring	1.0
49	append_latency	p50_ns	319609	array	1.0444444444444445
49	append_latency	p999_ns	319609	ring	0.8181818181818182
49	append_latency	p999_ns	319609	array	0.9065300896286812
49	append_latency	p99_ns	319609	ring	0.9166666666666666
49	append_latency	p99_ns	319609	array	0.9583333333333334
50	getitem_random	ns_per_op	2	ring	0.8339578497972474
50	getitem_random	ns_per_op	2	array	0.6934795249103287
51	append_latency	max_ns	843806	ring	14.125342312008978
51	append_latency	max_ns	843806	array	17.779382716049383
51	append_latency	p50_ns	843806	ring	1.0425531914893618
51	append_latency	p50_ns	843806	array	0.9787234042553191
51	append_latency	p999_ns	843806	ring	0.889294403892944
51	append_latency	p999_ns	843806	array	0.8236009732360098
51	append_latency	p99_ns	843806	ring	0.972972972972973
51	append_latency	p99_ns	843806	array	0.9324324324324325
52	append_popleft_steady	ns_per_op	32108	ring	1.0366898926309467
52	append_popleft_steady	ns_per_op	32108	array	0.93402660706629
53	append_only	ns_per_op	52753	ring	1.1018607207752884
53	append_only	ns_per_op	52753	array	0.9159162075616041
54	getitem_random	ns_per_op	645547	ring	0.004630017981529879
54	getitem_random	ns_per_op	645547	array	0.004119532473997885
55	append_popleft_steady	ns_per_op	9550	ring	1.0670244512007334
55	append_popleft_steady	ns_per_op	9550	array	1.021663449472258
56	append_latency	max_ns	2	ring	2.514745308310992
56	append_latency	max_ns	2	array	0.9061662198391421
56	append_latency	p50_ns	2	ring	2.514745308310992
56	append_latency	p50_ns	2	array	0.9061662198391421
56	append_latency	p999_ns	2	ring	2.514745308310992
56	append_latency	p999_ns	2	array	0.9061662198391421
56	append_latency	p99_ns	2	ring	2.514745308310992
56	append_latency	p99_ns	2	array	0.9061662198391421
57	steady_maxlen_latency	max_ns	19	ring	0.8257462686567164
57	steady_maxlen_latency	max_ns	19	array	0.06567164179104477
57	steady_maxlen_latency	p50_ns	19	ring	0.98
57	steady_maxlen_latency	p50_ns	19	array	0.98
57	steady_maxlen_latency	p999_ns	19	ring	0.8571428571428571
57	steady_maxlen_latency	p999_ns	19	array	0.9090909090909091
57	steady_maxlen_latency	p99_ns	19	ring	1.0172413793103448
57	steady_maxlen_latency	p99_ns	19	array	1.1379310344827587
58	append_popleft_steady	ns_per_op	56	ring	1.0641265139474705
58	append_popleft_steady	ns_per_op	56	array	1.012615348169721
59	steady_maxlen_latency	max_ns	84342	ring	2.3722834989625423
59	steady_maxlen_latency	max_ns	84342	array	9.013486949874412
59	steady_maxlen_latency	p50_ns	84342	ring	0.9411764705882353
59	steady_maxlen_latency	p50_ns	84342	array	0.9607843137254902
59	steady_maxlen_latency	p999_ns	84342	ring	1.2658227848101267
59	steady_maxlen_latency	p999_ns	84342	array	7.113924050632911
59	steady_maxlen_latency	p99_ns	84342	ring	1.1587301587301588
59	steady_maxlen_latency	p99_ns	84342	array	1.0158730158730158
60	getitem_random	ns_per_op	2	ring	0.8529694844687336
60	getitem_random	ns_per_op	2	array	0.7006805444376567
61	steady_maxlen_latency	max_ns	4456	ring	0.9968167348794906
61	steady_maxlen_latency	max_ns	4456	array	2.1239199636198274
61	steady_maxlen_latency	p50_ns	4456	ring	0.94
61	steady_maxlen_latency	p50_ns	4456	array	0.96
61	steady_maxlen_latency	p999_ns	4456	ring	1.974025974025974
61	steady_maxlen_latency	p999_ns	4456	array	8.584415584415584
61	steady_maxlen_latency	p99_ns	4456	ring	1.0508474576271187
61	steady_maxlen_latency	p99_ns	4456	array	1.0677966101694916
62	steady_maxlen_latency	max_ns	9	ring	1.0491081259634443
62	steady_maxlen_latency	max_ns	9	array	0.1418189826029509
62	steady_maxlen_latency	p50_ns	9	ring	1.2105263157894737
62	steady_maxlen_latency	p50_ns	9	array	1.0526315789473684
62	steady_maxlen_latency	p999_ns	9	ring	1.3008130081300813
62	steady_maxlen_latency	p999_ns	9	array	0.959349593495935
62	steady_maxlen_latency	p99_ns	9	ring	1.3582089552238805
62	steady_maxlen_latency	p99_ns	9	array	1.2835820895522387
63	append_popleft_steady	ns_per_op	3832	ring	1.0457636643011103
63	append_popleft_steady	ns_per_op	3832	array	0.9923572549504364
64	append_popleft_steady	ns_per_op	495887	ring	1.030075867433685
64	append_popleft_steady	ns_per_op	495887	array	0.9969578877865475
65	steady_maxlen_latency	max_ns	487931	ring	2.0234671532846717
65	steady_maxlen_latency	max_ns	487931	array	39.77532846715329
65	steady_maxlen_latency	p50_ns	487931	ring	1.0
65	steady_maxlen_latency	p50_ns	487931	array	1.02
65	steady_maxlen_latency	p999_ns	487931	ring	0.9805194805194806
65	steady_maxlen_latency	p999_ns	487931	array	5.103896103896104
65	steady_maxlen_latency	p99_ns	487931	ring	0.8717948717948718
65	steady_maxlen_latency	p99_ns	487931	array	0.8717948717948718
66	append_latency	max_ns	40	ring	2.382899628252788
66	append_latency	max_ns	40	array	2.0483271375464684
66	append_latency	p50_ns	40	ring	0.9
66	append_latency	p50_ns	40	array	1.88
66	append_latency	p999_ns	40	ring	2.382899628252788
66	append_latency	p999_ns	40	array	2.0483271375464684
66	append_latency	p99_ns	40	ring	2.382899628252788
66	append_latency	p99_ns	40	array	2.0483271375464684
67	append_popleft_steady	ns_per_op	270	ring	1.0244761387656034
67	append_popleft_steady	ns_per_op	270	array	0.9594276783253373
68	append_latency	max_ns	21	ring	1.9198473282442747
68	append_latency	max_ns	21	array	2.33206106870229
68	append_latency	p50_ns	21	ring	1.0227272727272727
68	append_latency	p50_ns	21	array	2.3863636363636362
68	append_latency	p999_ns	21	ring	1.9198473282442747
68	append_latency	p999_ns	21	array	2.33206106870229
68	append_latency	p99_ns	21	ring	1.9198473282442747
68	append_latency	p99_ns	21	array	2.33206106870229
69	append_popleft_steady	ns_per_op	2	ring	1.102654650021354
69	append_popleft_steady	ns_per_op	2	array	1.2857364824782458
70	getitem_random	ns_per_op	1	ring	1.1282857304444762
70	getitem_random	ns_per_op	1	array	0.9390260621264732
71	steady_maxlen_latency	max_ns	157807	ring	0.21345749205354345
71	steady_maxlen_latency	max_ns	157807	array	15.95120204145588
71	steady_maxlen_latency	p50_ns	157807	ring	0.9074074074074074
71	steady_maxlen_latency	p50_ns	157807	array	0.9074074074074074
71	steady_maxlen_latency	p999_ns	157807	ring	0.46405228758169936
71	steady_maxlen_latency	p999_ns	157807	array	3.8366013071895426
71	steady_maxlen_latency	p99_ns	157807	ring	0.9565217391304348
71	steady_maxlen_latency	p99_ns	157807	array	0.9565217391304348
72	getitem_random	ns_per_op	18539	ring	0.20466924379537885
72	getitem_random	ns_per_op	18539	array	0.17512422055891808
73	append_latency	max_ns	1	ring	1.6934306569343065
73	append_latency	max_ns	1	array	1.3357664233576643
73	append_latency	p50_ns	1	ring	1.6934306569343065
73	append_latency	p50_ns	1	array	1.3357664233576643
73	append_latency	p999_ns	1	ring	1.6934306569343065
73	append_latency	p999_ns	1	array	1.3357664233576643
73	append_latency	p99_ns	1	ring	1.6934306569343065
73	append_latency	p99_ns	1	array	1.3357664233576643
74	append_only	ns_per_op	2	ring	0.9512458820988032
74	append_only	ns_per_op	2	array	0.8983174551450722
75	append_only	ns_per_op	234	ring	1.040697889942533
75	append_only	ns_per_op	234	array	1.0365983732307358
76	getitem_random	ns_per_op	845878	ring	0.0037221229642119837
76	getitem_random	ns_per_op	845878	array	0.003379576998441052
77	steady_maxlen_latency	max_ns	5	ring	1.1419640531388382
77	steady_maxlen_latency	max_ns	5	array	0.10836155248762698
77	steady_maxlen_latency	p50_ns	5	ring	0.704225352112676
77	steady_maxlen_latency	p50_ns	5	array	0.676056338028169
77	steady_maxlen_latency	p999_ns	5	ring	0.6403508771929824
77	steady_maxlen_latency	p999_ns	5	array	0.6578947368421053
77	steady_maxlen_latency	p99_ns	5	ring	0.7176470588235294
77	steady_maxlen_latency	p99_ns	5	array	0.8
78	getitem_random	ns_per_op	112	ring	0.8256939302574252
78	getitem_random	ns_per_op	112	array	0.6953636785633053
79	append_only	ns_per_op	923	ring	1.066923066183187
79	append_only	ns_per_op	923	array	1.0389613521110994
80	append_latency	max_ns	136474	ring	27.702992242334687
80	append_latency	max_ns	136474	array	20.187753971185813
80	append_latency	p50_ns	136474	ring	1.0681818181818181
80	append_latency	p50_ns	136474	array	1.0227272727272727
80	append_latency	p999_ns	136474	ring	1.2332761578044598
80	append_latency	p999_ns	136474	array	1.2521440823327616
80	append_latency	p99_ns	136474	ring	0.9577464788732394
80	append_latency	p99_ns	136474	array	0.9295774647887324
81	append_popleft_steady	ns_per_op	1	ring	1.2135791854032152
81	append_popleft_steady	ns_per_op	1	array	1.3392071863682586
82	steady_maxlen_latency	max_ns	34	ring	0.09271078266711455
82	steady_maxlen_latency	max_ns	34	array	0.16257977830030232
82	steady_maxlen_latency	p50_ns	34	ring	0.96
82	steady_maxlen_latency	p50_ns	34	array	1.46
82	steady_maxlen_latency	p999_ns	34	ring	0.6761904761904762
82	steady_maxlen_latency	p999_ns	34	array	1.2285714285714286
82	steady_maxlen_latency	p99_ns	34	ring	1.1
82	steady_maxlen_latency	p99_ns	34	array	1.7666666666666666
83	append_popleft_steady	ns_per_op	1	ring	1.109678833979153
83	append_popleft_steady	ns_per_op	1	array	1.217700497374185
84	steady_maxlen_latency	max_ns	75	ring	1.8410428931875527
84	steady_maxlen_latency	max_ns	75	array	0.8280067283431455
84	steady_maxlen_latency	p50_ns	75	ring	0.6025641025641025
84	steady_maxlen_latency	p50_ns	75	array	0.6282051282051282
84	steady_maxlen_latency	p999_ns	75	ring	0.7130434782608696
84	steady_maxlen_latency	p999_ns	75	array	2.026086956521739
84	steady_maxlen_latency	p99_ns	75	ring	0.7386363636363636
84	steady_maxlen_latency	p99_ns	75	array	1.1704545454545454
85	append_only	ns_per_op	135830	ring	1.1504267276776894
85	append_only	ns_per_op	135830	array	1.0892589051375465
86	getitem_random	ns_per_op	6301	ring	0.45503170446898833
86	getitem_random	ns_per_op	6301	array	0.4108255348931979
87	steady_maxlen_latency	max_ns	47145	ring	0.1454020618556701
87	steady_maxlen_latency	max_ns	47145	array	3.694226804123711
87	steady_maxlen_latency	p50_ns	47145	ring	1.0208333333333333
87	steady_maxlen_latency	p50_ns	47145	array	0.9791666666666666
87	steady_maxlen_latency	p999_ns	47145	ring	1.0945945945945945
87	steady_maxlen_latency	p999_ns	47145	array	7.22972972972973
87	steady_maxlen_latency	p99_ns	47145	ring	1.1355932203389831
87	steady_maxlen_latency	p99_ns	47145	array	1.0847457627118644
88	steady_maxlen_latency	max_ns	673	ring	1.1089404734543784
88	steady_maxlen_latency	max_ns	673	array	1.0128706044587452
88	steady_maxlen_latency	p50_ns	673	ring	1.7083333333333333
88	steady_maxlen_latency	p50_ns	673	array	0.9791666666666666
88	steady_maxlen_latency	p999_ns	673	ring	2.168421052631579
88	steady_maxlen_latency	p999_ns	673	array	1.7052631578947368
88	steady_maxlen_latency	p99_ns	673	ring	1.8421052631578947
88	steady_maxlen_latency	p99_ns	673	array	0.9122807017543859
89	getitem_random	ns_per_op	166	ring	0.8394406601796188
89	getitem_random	ns_per_op	166	array	0.6794216709965012
90	append_popleft_steady	ns_per_op	17793	ring	1.015041999825058
90	append_popleft_steady	ns_per_op	17793	array	0.9650681581527881
91	steady_maxlen_latency	max_ns	19	ring	0.8162544169611308
91	steady_maxlen_latency	max_ns	19	array	0.10575466935890965
91	steady_maxlen_latency	p50_ns	19	ring	0.704225352112676
91	steady_maxlen_latency	p50_ns	19	array	1.0140845070422535
91	steady_maxlen_latency	p999_ns	19	ring	1.0444444444444445
91	steady_maxlen_latency	p999_ns	19	array	1.1333333333333333
91	steady_maxlen_latency	p99_ns	19	ring	0.8641975308641975
91	steady_maxlen_latency	p99_ns	19	array	1.1851851851851851
92	append_popleft_steady	ns_per_op	36301	ring	1.0201310759464528
92	append_popleft_steady	ns_per_op	36301	array	0.9532301962146709
93	getitem_random	ns_per_op	50	ring	0.7791972232129105
93	getitem_random	ns_per_op	50	array	0.6704364847702187
94	append_latency	max_ns	464	ring	2.6706827309236947
94	append_latency	max_ns	464	array	1.140562248995984
94	append_latency	p50_ns	464	ring	1.065217391304348
94	append_latency	p50_ns	464	array	0.9565217391304348
94	append_latency	p999_ns	464	ring	2.6706827309236947
94	append_latency	p999_ns	464	array	1.140562248995984
94	append_latency	p99_ns	464	ring	1.1271186440677967
94	append_latency	p99_ns	464	array	1.3728813559322033
95	getitem_random	ns_per_op	156398	ring	0.01953368461693676
95	getitem_random	ns_per_op	156398	array	0.017064568217495635
96	append_only	ns_per_op	18372	ring	1.1614744149962424
96	append_only	ns_per_op	18372	array	1.1417455356459134
97	getitem_random	ns_per_op	149015	ring	0.00799372512329142
97	getitem_random	ns_per_op	149015	array	0.007330197638383141
98	append_latency	max_ns	15	ring	2.95
98	append_latency	max_ns	15	array	1.3454545454545455
98	append_latency	p50_ns	15	ring	1.0888888888888888
98	append_latency	p50_ns	15	array	1.2666666666666666
98	append_latency	p999_ns	15	ring	2.95
98	append_latency	p999_ns	15	array	1.3454545454545455
98	append_latency	p99_ns	15	ring	2.95
98	append_latency	p99_ns	15	array	1.3454545454545455
99	append_only	ns_per_op	2	ring	0.9856092649270998
99	append_only	ns_per_op	2	array	0.9046573529289428
100	append_popleft_steady	ns_per_op	214	ring	1.057261178699084
100	append_popleft_steady	ns_per_op	214	array	1.0229834708355452
101	append_popleft_steady	ns_per_op	19	ring	1.1251746318390972
101	append_popleft_steady	ns_per_op	19	array	1.230404592953854
102	append_popleft_steady	ns_per_op	600458	ring	1.0347686942314052
102	append_popleft_steady	ns_per_op	600458	array	1.002692559614368
103	append_popleft_steady	ns_per_op	207	ring	1.028375019111619
103	append_popleft_steady	ns_per_op	207	array	1.0170392039832725
104	append_only	ns_per_op	9385	ring	1.1197472469632193
104	append_only	ns_per_op	9385	array	1.1331615888060993
105	append_latency	max_ns	118861	ring	7.098020331728197
105	append_latency	max_ns	118861	array	11.589994649545211
105	append_latency	p50_ns	118861	ring	1.12
105	append_latency	p50_ns	118861	array	0.92
105	append_latency	p999_ns	118861	ring	0.8972332015810277
105	append_latency	p999_ns	118861	array	1.007905138339921
105	append_latency	p99_ns	118861	ring	1.037037037037037
105	append_latency	p99_ns	118861	array	0.9382716049382716
106	getitem_random	ns_per_op	14555	ring	0.23739941241551618
106	getitem_random	ns_per_op	14555	array	0.23873594209986868
107	append_popleft_steady	ns_per_op	104181	ring	0.9847582350021041
107	append_popleft_steady	ns_per_op	104181	array	0.964472918530763
108	append_latency	max_ns	94419	ring	4.142812018794173
108	append_latency	max_ns	94419	array	4.628499230070676
108	append_latency	p50_ns	94419	ring	1.0227272727272727
108	append_latency	p50_ns	94419	array	1.1136363636363635
108	append_latency	p999_ns	94419	ring	0.9601328903654485
108	append_latency	p999_ns	94419	array	1.0681063122923589
108	append_latency	p99_ns	94419	ring	0.9295774647887324
108	append_latency	p99_ns	94419	array	1.0140845070422535
109	steady_maxlen_latency	max_ns	867	ring	1.4012382664270022
109	steady_maxlen_latency	max_ns	867	array	0.7122029159177152
109	steady_maxlen_latency	p50_ns	867	ring	1.4901960784313726
109	steady_maxlen_latency	p50_ns	867	array	0.9607843137254902
109	steady_maxlen_latency	p999_ns	867	ring	1.1914893617021276
109	steady_maxlen_latency	p999_ns	867	array	2.3297872340425534
109	steady_maxlen_latency	p99_ns	867	ring	1.4516129032258065
109	steady_maxlen_latency	p99_ns	867	array	0.8548387096774194
110	getitem_random	ns_per_op	20855	ring	0.1720524012523723
110	getitem_random	ns_per_op	20855	array	0.15943944040850988
111	append_popleft_steady	ns_per_op	157	ring	1.0113633744286339
111	append_popleft_steady	ns_per_op	157	array	0.9813960925611519
112	steady_maxlen_latency	max_ns	281330	ring	1.031353995429213
112	steady_maxlen_latency	max_ns	281330	array	22.97506114430055
112	steady_maxlen_latency	p50_ns	281330	ring	0.9583333333333334
112	steady_maxlen_latency	p50_ns	281330	array	1.0833333333333333
112	steady_maxlen_latency	p999_ns	281330	ring	1.8873239436619718
112	steady_maxlen_latency	p999_ns	281330	array	8.52112676056338
112	steady_maxlen_latency	p99_ns	281330	ring	1.0677966101694916
112	steady_maxlen_latency	p99_ns	281330	array	1.152542372881356
113	append_latency	max_ns	4	ring	2.8060344827586206
113	append_latency	max_ns	4	array	1.8879310344827587
113	append_latency	p50_ns	4	ring	1.2215909090909092
113	append_latency	p50_ns	4	array	1.4488636363636365
113	append_latency	p999_ns	4	ring	2.8060344827586206
113	append_latency	p999_ns	4	array	1.8879310344827587
113	append_latency	p99_ns	4	ring	2.8060344827586206
113	append_latency	p99_ns	4	array	1.8879310344827587
114	append_popleft_steady	ns_per_op	69327	ring	1.0582328352547685
114	append_popleft_steady	ns_per_op	69327	array	1.0163020410453398
115	getitem_random	ns_per_op	3800	ring	0.6432880404172738
115	getitem_random	ns_per_op	3800	array	0.5547992828278253
116	getitem_random	ns_per_op	153492	ring	0.007454280730803075
116	getitem_random	ns_per_op	153492	array	0.006956471160913657
117	getitem_random	ns_per_op	2987	ring	0.7030106731925068
117	getitem_random	ns_per_op	2987	array	0.6115318856729849
118	append_popleft_steady	ns_per_op	11177	ring	1.0275104433008797
118	append_popleft_steady	ns_per_op	11177	array	0.949792346981682
119	getitem_random	ns_per_op	1371	ring	0.9177696237809843
119	getitem_random	ns_per_op	1371	array	0.8165320517703886
120	steady_maxlen_latency	max_ns	419	ring	0.44101703665462055
120	steady_maxlen_latency	max_ns	419	array	0.26819824470831183
120	steady_maxlen_latency	p50_ns	419	ring	1.96
120	steady_maxlen_latency	p50_ns	419	array	1.42
120	steady_maxlen_latency	p999_ns	419	ring	2.0864197530864197
120	steady_maxlen_latency	p999_ns	419	array	2.7777777777777777
120	steady_maxlen_latency	p99_ns	419	ring	1.7419354838709677
120	steady_maxlen_latency	p99_ns	419	array	1.2096774193548387
121	append_popleft_steady	ns_per_op	2693	ring	1.0881574978654616
121	append_popleft_steady	ns_per_op	2693	array	1.0063038351840319
122	append_latency	max_ns	21359	ring	1.7179533702258913
122	append_latency	max_ns	21359	array	1.7931143971695547
122	append_latency	p50_ns	21359	ring	1.0930232558139534
122	append_latency	p50_ns	21359	array	1.1162790697674418
122	append_latency	p999_ns	21359	ring	0.9321212121212121
122	append_latency	p999_ns	21359	array	1.033939393939394
122	append_latency	p99_ns	21359	ring	1.0857142857142856
122	append_latency	p99_ns	21359	array	1.1142857142857143
123	getitem_random	ns_per_op	100	ring	0.8305007520684419
123	getitem_random	ns_per_op	100	array	0.6793038852220931
124	append_latency	max_ns	94	ring	2.0542986425339365
124	append_latency	max_ns	94	array	1.5294117647058822
124	append_latency	p50_ns	94	ring	1.0
124	append_latency	p50_ns	94	array	1.0
124	append_latency	p999_ns	94	ring	2.0542986425339365
124	append_latency	p999_ns	94	array	1.5294117647058822
124	append_latency	p99_ns	94	ring	2.0542986425339365
124	append_latency	p99_ns	94	array	1.5294117647058822
125	append_only	ns_per_op	1	ring	0.9618732019299172
125	append_only	ns_per_op	1	array	0.8615654509741696
126	steady_maxlen_latency	max_ns	5667	ring	0.22403846153846155
126	steady_maxlen_latency	max_ns	5667	array	6.7004807692307695
126	steady_maxlen_latency	p50_ns	5667	ring	0.6438356164383562
126	steady_maxlen_latency	p50_ns	5667	array	0.6712328767123288
126	steady_maxlen_latency	p999_ns	5667	ring	0.6804123711340206
126	steady_maxlen_latency	p999_ns	5667	array	8.556701030927835
126	steady_maxlen_latency	p99_ns	5667	ring	0.6385542168674698
126	steady_maxlen_latency	p99_ns	5667	array	0.7710843373493976
127	append_popleft_steady	ns_per_op	570979	ring	0.9899744177708629
127	append_popleft_steady	ns_per_op	570979	array	1.0279145532175629
128	append_only	ns_per_op	8391	ring	1.1786390252107697
128	append_only	ns_per_op	8391	array	0.9905272198584993
129	steady_maxlen_latency	max_ns	498	ring	1.1945701357466063
129	steady_maxlen_latency	max_ns	498	array	1.2302036199095023
129	steady_maxlen_latency	p50_ns	498	ring	1.0392156862745099
129	steady_maxlen_latency	p50_ns	498	array	0.9803921568627451
129	steady_maxlen_latency	p999_ns	498	ring	0.7731958762886598
129	steady_maxlen_latency	p999_ns	498	array	2.0412371134020617
129	steady_maxlen_latency	p99_ns	498	ring	1.1147540983606556
129	steady_maxlen_latency	p99_ns	498	array	1.0655737704918034
130	getitem_random	ns_per_op	8	ring	0.8982369029421097
130	getitem_random	ns_per_op	8	array	0.7590934670568477
131	append_popleft_steady	ns_per_op	1227	ring	1.0347436461128479
131	append_popleft_steady	ns_per_op	1227	array	0.9908797254722663
132	getitem_random	ns_per_op	1	ring	1.1635832468422314
132	getitem_random	ns_per_op	1	array	0.9525452288114193
133	append_only	ns_per_op	1087	ring	1.0781744375190128
133	append_only	ns_per_op	1087	array	1.0394257081301266
134	steady_maxlen_latency	max_ns	114	ring	0.066967305524239
134	steady_maxlen_latency	max_ns	114	array	0.6259301014656145
134	steady_maxlen_latency	p50_ns	114	ring	1.0
134	steady_maxlen_latency	p50_ns	114	array	1.6
134	steady_maxlen_latency	p999_ns	114	ring	0.9523809523809523
134	steady_maxlen_latency	p999_ns	114	array	2.4642857142857144
134	steady_maxlen_latency	p99_ns	114	ring	1.152542372881356
134	steady_maxlen_latency	p99_ns	114	array	2.8135593220338984
135	getitem_random	ns_per_op	6	ring	0.9110705035400418
135	getitem_random	ns_per_op	6	array	0.7803933167819778
136	append_latency	max_ns	1475	ring	3.4232558139534883
136	append_latency	max_ns	1475	array	7.27906976744186
136	append_latency	p50_ns	1475	ring	1.0
136	append_latency	p50_ns	1475	array	1.391304347826087
136	append_latency	p999_ns	1475	ring	1.263157894736842
136	append_latency	p999_ns	1475	array	1.9617224880382775
136	append_latency	p99_ns	1475	ring	1.15
136	append_latency	p99_ns	1475	array	1.85
137	append_latency	max_ns	201	ring	0.11947814145113299
137	append_latency	max_ns	201	array	0.07049668116273747
137	append_latency	p50_ns	201	ring	1.0
137	append_latency	p50_ns	201	array	0.9782608695652174
137	append_latency	p999_ns	201	ring	0.11947814145113299
137	append_latency	p999_ns	201	array	0.07049668116273747
137	append_latency	p99_ns	201	ring	0.841025641025641
137	append_latency	p99_ns	201	array	0.9179487179487179
138	append_only	ns_per_op	71880	ring	1.1178994906069426
138	append_only	ns_per_op	71880	array	1.1377214063670473
139	append_latency	max_ns	141737	ring	29.967362174578867
139	append_latency	max_ns	141737	array	20.62825421133231
139	append_latency	p50_ns	141737	ring	0.9791666666666666
139	append_latency	p50_ns	141737	array	0.9375
139	append_latency	p999_ns	141737	ring	0.8254950495049505
139	append_latency	p999_ns	141737	array	0.931930693069307
139	append_latency	p99_ns	141737	ring	0.9473684210526315
139	append_latency	p99_ns	141737	array	0.881578947368421
140	append_latency	max_ns	498464	ring	20.970225017046747
140	append_latency	max_ns	498464	array	23.68615046594439
140	append_latency	p50_ns	498464	ring	1.0666666666666667
140	append_latency	p50_ns	498464	array	0.9777777777777777
140	append_latency	p999_ns	498464	ring	1.0172185430463576
140	append_latency	p999_ns	498464	array	0.8847682119205298
140	append_latency	p99_ns	498464	ring	0.9863013698630136
140	append_latency	p99_ns	498464	array	0.9178082191780822
141	append_only	ns_per_op	748	ring	1.1042816485274112
141	append_only	ns_per_op	748	array	1.0567235863510618
142	append_only	ns_per_op	1555	ring	1.0078198408595709
142	append_only	ns_per_op	1555	array	0.9716357158822446
143	getitem_random	ns_per_op	327	ring	1.0812697673096734
143	getitem_random	ns_per_op	327	array	0.9170776939871244
144	append_latency	max_ns	138106	ring	3.548836090225564
144	append_latency	max_ns	138106	array	2.0169984962406016
144	append_latency	p50_ns	138106	ring	0.9583333333333334
144	append_latency	p50_ns	138106	array	1.0
144	append_latency	p999_ns	138106	ring	1.0219072164948453
144	append_latency	p999_ns	138106	array	0.8904639175257731
144	append_latency	p99_ns	138106	ring	0.8571428571428571
144	append_latency	p99_ns	138106	array	1.0129870129870129
145	append_popleft_steady	ns_per_op	448	ring	1.0426568910885923
145	append_popleft_steady	ns_per_op	448	array	0.9917018769399076
146	steady_maxlen_latency	max_ns	6	ring	2.130260521042084
146	steady_maxlen_latency	max_ns	6	array	2.899131596526386
146	steady_maxlen_latency	p50_ns	6	ring	1.0638297872340425
146	steady_maxlen_latency	p50_ns	6	array	1.1702127659574468
146	steady_maxlen_latency	p999_ns	6	ring	1.0615384615384615
146	steady_maxlen_latency	p999_ns	6	array	1.2923076923076924
146	steady_maxlen_latency	p99_ns	6	ring	1.0714285714285714
146	steady_maxlen_latency	p99_ns	6	array	1.3392857142857142
147	steady_maxlen_latency	max_ns	27	ring	1.0042581801882564
147	steady_maxlen_latency	max_ns	27	array	0.07082025997310623
147	steady_maxlen_latency	p50_ns	27	ring	0.8703703703703703
147	steady_maxlen_latency	p50_ns	27	array	0.9259259259259259
147	steady_maxlen_latency	p999_ns	27	ring	0.8846153846153846
147	steady_maxlen_latency	p999_ns	27	array	0.75
147	steady_maxlen_latency	p99_ns	27	ring	0.953125
147	steady_maxlen_latency	p99_ns	27	array	1.0625
148	append_popleft_steady	ns_per_op	1	ring	1.1792417937494588
148	append_popleft_steady	ns_per_op	1	array	1.2685179381608138
149	append_popleft_steady	ns_per_op	2534	ring	1.0538108042061853
149	append_popleft_steady	ns_per_op	2534	array	1.0079523804852786
150	append_popleft_steady	ns_per_op	1	ring	1.1553375648086528
150	append_popleft_steady	ns_per_op	1	array	1.285958849519715
151	getitem_random	ns_per_op	133880	ring	0.022610562224250754
151	getitem_random	ns_per_op	133880	array	0.019807366065293507
152	append_popleft_steady	ns_per_op	96	ring	1.0960090286941584
152	append_popleft_steady	ns_per_op	96	array	1.0763593950248314
153	steady_maxlen_latency	max_ns	578	ring	0.059920437593237195
153	steady_maxlen_latency	max_ns	578	array	0.7103431128791646
153	steady_maxlen_latency	p50_ns	578	ring	0.847457627118644
153	steady_maxlen_latency	p50_ns	578	array	0.8813559322033898
153	steady_maxlen_latency	p999_ns	578	ring	0.5909090909090909
153	steady_maxlen_latency	p999_ns	578	array	1.1666666666666667
153	steady_maxlen_latency	p99_ns	578	ring	0.8194444444444444
153	steady_maxlen_latency	p99_ns	578	array	0.8333333333333334
154	steady_maxlen_latency	max_ns	14997	ring	0.6909355660720786
154	steady_maxlen_latency	max_ns	14997	array	10.605387695668002
154	steady_maxlen_latency	p50_ns	14997	ring	1.1224489795918366
154	steady_maxlen_latency	p50_ns	14997	array	1.0
154	steady_maxlen_latency	p999_ns	14997	ring	0.6515151515151515
154	steady_maxlen_latency	p999_ns	14997	array	3.9318181818181817
154	steady_maxlen_latency	p99_ns	14997	ring	0.8764044943820225
154	steady_maxlen_latency	p99_ns	14997	array	0.7303370786516854
155	steady_maxlen_latency	max_ns	96797	ring	0.20525019823880472
155	steady_maxlen_latency	max_ns	96797	array	8.4039063478152
155	steady_maxlen_latency	p50_ns	96797	ring	1.06
155	steady_maxlen_latency	p50_ns	96797	array	0.96
155	steady_maxlen_latency	p999_ns	96797	ring	0.9861111111111112
155	steady_maxlen_latency	p999_ns	96797	array	4.236111111111111
155	steady_maxlen_latency	p99_ns	96797	ring	1.09375
155	steady_maxlen_latency	p99_ns	96797	array	1.015625
156	getitem_random	ns_per_op	49	ring	0.8018066280884735
156	getitem_random	ns_per_op	49	array	0.6612762967213808
157	append_popleft_steady	ns_per_op	6	ring	1.0485241256910205
157	append_popleft_steady	ns_per_op	6	array	1.0528012411258914
158	steady_maxlen_latency	max_ns	595843	ring	0.9923923537362426
158	steady_maxlen_latency	max_ns	595843	array	50.45947094033597
158	steady_maxlen_latency	p50_ns	595843	ring	1.0208333333333333
158	steady_maxlen_latency	p50_ns	595843	array	1.0416666666666667
158	steady_maxlen_latency	p999_ns	595843	ring	0.8072916666666666
158	steady_maxlen_latency	p999_ns	595843	array	3.9479166666666665
158	steady_maxlen_latency	p99_ns	595843	ring	0.6181818181818182
158	steady_maxlen_latency	p99_ns	595843	array	1.1636363636363636
159	append_popleft_steady	ns_per_op	2801	ring	1.0335522333182579
159	append_popleft_steady	ns_per_op	2801	array	0.9895541731567966
160	append_only	ns_per_op	308	ring	1.0964171450971874
160	append_only	ns_per_op	308	array	1.029512187348524
161	append_latency	max_ns	254	ring	2.1966019417475726
161	append_latency	max_ns	254	array	0.7305825242718447
161	append_latency	p50_ns	254	ring	1.3582089552238805
161	append_latency	p50_ns	254	array	0.6567164179104478
161	append_latency	p999_ns	254	ring	2.1966019417475726
161	append_latency	p999_ns	254	array	0.7305825242718447
161	append_latency	p99_ns	254	ring	1.5242718446601942
161	append_latency	p99_ns	254	array	1.087378640776699
162	steady_maxlen_latency	max_ns	244043	ring	1.06749498997996
162	steady_maxlen_latency	max_ns	244043	array	19.847855711422845
162	steady_maxlen_latency	p50_ns	244043	ring	0.9583333333333334
162	steady_maxlen_latency	p50_ns	244043	array	1.0416666666666667
162	steady_maxlen_latency	p999_ns	244043	ring	1.930232558139535
162	steady_maxlen_latency	p999_ns	244043	array	7.116279069767442
162	steady_maxlen_latency	p99_ns	244043	ring	2.0847457627118646
162	steady_maxlen_latency	p99_ns	244043	array	1.11864406779661
163	append_popleft_steady	ns_per_op	23	ring	1.054249369664873
163	append_popleft_steady	ns_per_op	23	array	1.015838642059182
164	append_popleft_steady	ns_per_op	77	ring	1.0258350937180518
164	append_popleft_steady	ns_per_op	77	array	1.0054107924908897
165	append_popleft_steady	ns_per_op	216069	ring	1.0705465424986818
165	append_popleft_steady	ns_per_op	216069	array	0.9956526169655603
166	append_popleft_steady	ns_per_op	2	ring	1.0937393738402539
166	append_popleft_steady	ns_per_op	2	array	1.2739430689685312
167	append_only	ns_per_op	14529	ring	1.0942285919476658
167	append_only	ns_per_op	14529	array	1.1584850263592903
168	steady_maxlen_latency	max_ns	134156	ring	0.19149969877762016
168	steady_maxlen_latency	max_ns	134156	array	6.412946732223022
168	steady_maxlen_latency	p50_ns	134156	ring	0.9615384615384616
168	steady_maxlen_latency	p50_ns	134156	array	0.9807692307692307
168	steady_maxlen_latency	p999_ns	134156	ring	0.8876404494382022
168	steady_maxlen_latency	p999_ns	134156	array	6.46067415730337
168	steady_maxlen_latency	p99_ns	134156	ring	0.7530864197530864
168	steady_maxlen_latency	p99_ns	134156	array	0.8148148148148148
169	append_latency	max_ns	50769	ring	19.577737719693555
169	append_latency	max_ns	50769	array	20.64375844975214
169	append_latency	p50_ns	50769	ring	1.1964285714285714
169	append_latency	p50_ns	50769	array	0.8392857142857143
169	append_latency	p999_ns	50769	ring	1.0145985401459854
169	append_latency	p999_ns	50769	array	0.9513381995133819
169	append_latency	p99_ns	50769	ring	1.1386138613861385
169	append_latency	p99_ns	50769	array	0.693069306930693
170	steady_maxlen_latency	max_ns	1509	ring	1.4538866930171277
170	steady_maxlen_latency	max_ns	1509	array	5.745388669301713
170	steady_maxlen_latency	p50_ns	1509	ring	0.9803921568627451
170	steady_maxlen_latency	p50_ns	1509	array	1.3529411764705883
170	steady_maxlen_latency	p999_ns	1509	ring	0.8536585365853658
170	steady_maxlen_latency	p999_ns	1509	array	4.951219512195122
170	steady_maxlen_latency	p99_ns	1509	ring	0.8688524590163934
170	steady_maxlen_latency	p99_ns	1509	array	1.4918032786885247
171	steady_maxlen_latency	max_ns	2	ring	0.16203522504892368
171	steady_maxlen_latency	max_ns	2	array	1.0465753424657533
171	steady_maxlen_latency	p50_ns	2	ring	1.8979591836734695
171	steady_maxlen_latency	p50_ns	2	array	2.5510204081632653
171	steady_maxlen_latency	p999_ns	2	ring	1.4166666666666667
171	steady_maxlen_latency	p999_ns	2	array	2.3
171	steady_maxlen_latency	p99_ns	2	ring	1.6229508196721312
171	steady_maxlen_latency	p99_ns	2	array	3.0
172	getitem_random	ns_per_op	4	ring	0.9036263693410561
172	getitem_random	ns_per_op	4	array	0.7803038983782752
173	append_latency	max_ns	335	ring	2.473372781065089
173	append_latency	max_ns	335	array	0.9733727810650887
173	append_latency	p50_ns	335	ring	1.0
173	append_latency	p50_ns	335	array	0.6571428571428571
173	append_latency	p999_ns	335	ring	2.473372781065089
173	append_latency	p999_ns	335	array	0.9733727810650887
173	append_latency	p99_ns	335	ring	0.8739130434782608
173	append_latency	p99_ns	335	array	0.7
174	append_only	ns_per_op	703	ring	1.1583915701499337
174	append_only	ns_per_op	703	array	1.2244848218089357
175	getitem_random	ns_per_op	7542	ring	0.4028593887482466
175	getitem_random	ns_per_op	7542	array	0.3646452402211889
176	append_popleft_steady	ns_per_op	112744	ring	1.0556162753545235
176	append_popleft_steady	ns_per_op	112744	array	0.9922410190460015
177	append_popleft_steady	ns_per_op	7	ring	1.1817972587560257
177	append_popleft_steady	ns_per_op	7	array	1.0704921270677317
178	getitem_random	ns_per_op	13	ring	0.8670872858256773
178	getitem_random	ns_per_op	13	array	0.7232680104215832
179	append_only	ns_per_op	103268	ring	1.0872227828458632
179	append_only	ns_per_op	103268	array	1.015550798824837
180	append_latency	max_ns	65485	ring	4.865645106671182
180	append_latency	max_ns	65485	array	7.246105655265831
180	append_latency	p50_ns	65485	ring	0.9056603773584906
180	append_latency	p50_ns	65485	array	0.9245283018867925
180	append_latency	p999_ns	65485	ring	0.7745995423340961
180	append_latency	p999_ns	65485	array	0.8157894736842105
180	append_latency	p99_ns	65485	ring	0.7865168539325843
180	append_latency	p99_ns	65485	array	0.8089887640449438
181	append_popleft_steady	ns_per_op	66506	ring	1.0388613741633042
181	append_popleft_steady	ns_per_op	66506	array	0.988259976736921
182	getitem_random	ns_per_op	57	ring	0.7959665984875663
182	getitem_random	ns_per_op	57	array	0.6533927853187048
183	getitem_random	ns_per_op	10	ring	0.8685075474518658
183	getitem_random	ns_per_op	10	array	0.7490751529929909
184	append_only	ns_per_op	63518	ring	1.0947239205527752
184	append_only	ns_per_op	63518	array	0.9222582238118188
185	append_latency	max_ns	26	ring	2.268199233716475
185	append_latency	max_ns	26	array	1.1800766283524904
185	append_latency	p50_ns	26	ring	1.0
185	append_latency	p50_ns	26	array	1.0444444444444445
185	append_latency	p999_ns	26	ring	2.268199233716475
185	append_latency	p999_ns	26	array	1.1800766283524904
185	append_latency	p99_ns	26	ring	2.268199233716475
185	append_latency	p99_ns	26	array	1.1800766283524904
186	steady_maxlen_latency	max_ns	224	ring	0.7797101449275362
186	steady_maxlen_latency	max_ns	224	array	0.12934782608695652
186	steady_maxlen_latency	p50_ns	224	ring	0.5952380952380952
186	steady_maxlen_latency	p50_ns	224	array	0.6666666666666666
186	steady_maxlen_latency	p999_ns	224	ring	0.7327586206896551
186	steady_maxlen_latency	p999_ns	224	array	1.4655172413793103
186	steady_maxlen_latency	p99_ns	224	ring	0.65
186	steady_maxlen_latency	p99_ns	224	array	1.16
187	append_latency	max_ns	12	ring	4.652631578947369
187	append_latency	max_ns	12	array	2.263157894736842
187	append_latency	p50_ns	12	ring	2.142857142857143
187	append_latency	p50_ns	12	array	1.8571428571428572
187	append_latency	p999_ns	12	ring	4.652631578947369
187	append_latency	p999_ns	12	array	2.263157894736842
187	append_latency	p99_ns	12	ring	4.652631578947369
187	append_latency	p99_ns	12	array	2.263157894736842
188	append_popleft_steady	ns_per_op	753375	ring	1.0897235762736128
188	append_popleft_steady	ns_per_op	753375	array	1.0308510529181192
189	append_latency	max_ns	29	ring	1.3711656441717792
189	append_latency	max_ns	29	array	1.4233128834355828
189	append_latency	p50_ns	29	ring	0.6666666666666666
189	append_latency	p50_ns	29	array	1.0144927536231885
189	append_latency	p999_ns	29	ring	1.3711656441717792
189	append_latency	p999_ns	29	array	1.4233128834355828
189	append_latency	p99_ns	29	ring	1.3711656441717792
189	append_latency	p99_ns	29	array	1.4233128834355828
190	append_latency	max_ns	17452	ring	0.49997056919183
190	append_latency	max_ns	17452	array	0.49287774442286186
190	append_latency	p50_ns	17452	ring	0.7580645161290323
190	append_latency	p50_ns	17452	array	0.7580645161290323
190	append_latency	p999_ns	17452	ring	1.1010215664018161
190	append_latency	p999_ns	17452	array	1.0896708286038592
190	append_latency	p99_ns	17452	ring	0.9326923076923077
190	append_latency	p99_ns	17452	array	0.7596153846153846
191	steady_maxlen_latency	max_ns	5845	ring	9.253004005340454
191	steady_maxlen_latency	max_ns	5845	array	8.843791722296395
191	steady_maxlen_latency	p50_ns	5845	ring	1.6470588235294117
191	steady_maxlen_latency	p50_ns	5845	array	1.2156862745098038
191	steady_maxlen_latency	p999_ns	5845	ring	1.8
191	steady_maxlen_latency	p999_ns	5845	array	10.625
191	steady_maxlen_latency	p99_ns	5845	ring	1.75
191	steady_maxlen_latency	p99_ns	5845	array	1.4333333333333333
192	steady_maxlen_latency	max_ns	21	ring	0.047365304914150384
192	steady_maxlen_latency	max_ns	21	array	0.06966646931122952
192	steady_maxlen_latency	p50_ns	21	ring	0.5052631578947369
192	steady_maxlen_latency	p50_ns	21	array	0.5052631578947369
192	steady_maxlen_latency	p999_ns	21	ring	0.250996015936255
192	steady_maxlen_latency	p999_ns	21	array	0.29880478087649404
192	steady_maxlen_latency	p99_ns	21	ring	0.5
192	steady_maxlen_latency	p99_ns	21	array	0.5603448275862069
193	append_popleft_steady	ns_per_op	9492	ring	1.057457799385481
193	append_popleft_steady	ns_per_op	9492	array	0.9650009421309379
194	append_popleft_steady	ns_per_op	6557	ring	1.062976577385752
194	append_popleft_steady	ns_per_op	6557	array	1.023967420775001
195	append_latency	max_ns	17917	ring	17.704946236559138
195	append_latency	max_ns	17917	array	12.31225806451613
195	append_latency	p50_ns	17917	ring	1.0930232558139534
195	append_latency	p50_ns	17917	array	1.0930232558139534
195	append_latency	p999_ns	17917	ring	1.0241423125794156
195	append_latency	p999_ns	17917	array	0.8780177890724269
195	append_latency	p99_ns	17917	ring	1.0
195	append_latency	p99_ns	17917	array	1.0285714285714285
196	append_only	ns_per_op	926334	ring	1.174232846910186
196	append_only	ns_per_op	926334	array	1.2296883629842081
197	append_only	ns_per_op	249611	ring	1.0527227797145944
197	append_only	ns_per_op	249611	array	0.9174615071138474
198	append_latency	max_ns	29	ring	1.904109589041096
198	append_latency	max_ns	29	array	1.4337899543378996
198	append_latency	p50_ns	29	ring	1.0666666666666667
198	append_latency	p50_ns	29	array	1.0444444444444445
198	append_latency	p999_ns	29	ring	1.904109589041096
198	append_latency	p999_ns	29	array	1.4337899543378996
198	append_latency	p99_ns	29	ring	1.904109589041096
198	append_latency	p99_ns	29	array	1.4337899543378996
199	append_latency	max_ns	1	ring	3.1046025104602513
199	append_latency	max_ns	1	array	1.397489539748954
199	append_latency	p50_ns	1	ring	3.1046025104602513
199	append_latency	p50_ns	1	array	1.397489539748954
199	append_latency	p999_ns	1	ring	3.1046025104602513
199	append_latency	p999_ns	1	array	1.397489539748954
199	append_latency	p99_ns	1	ring	3.1046025104602513
199	append_latency	p99_ns	1	array	1.397489539748954
200	append_latency	max_ns	626	ring	0.6473906911142454
200	append_latency	max_ns	626	array	0.36530324400564174
200	append_latency	p50_ns	626	ring	0.4
200	append_latency	p50_ns	626	array	0.32592592592592595
200	append_latency	p999_ns	626	ring	0.6473906911142454
200	append_latency	p999_ns	626	array	0.36530324400564174
200	append_latency	p99_ns	626	ring	0.4507462686567164
200	append_latency	p99_ns	626	array	0.41194029850746267
201	append_only	ns_per_op	23944	ring	1.177431149970723
201	append_only	ns_per_op	23944	array	1.181316420694669
202	append_only	ns_per_op	27313	ring	1.2329797809356389
202	append_only	ns_per_op	27313	array	1.2416697337245055
203	getitem_random	ns_per_op	6	ring	0.8795546261711977
203	getitem_random	ns_per_op	6	array	0.7476190290081318
204	steady_maxlen_latency	max_ns	184511	ring	1.037210172026926
204	steady_maxlen_latency	max_ns	184511	array	41.116024682124156
204	steady_maxlen_latency	p50_ns	184511	ring	1.0416666666666667
204	steady_maxlen_latency	p50_ns	184511	array	1.0208333333333333
204	steady_maxlen_latency	p999_ns	184511	ring	1.8055555555555556
204	steady_maxlen_latency	p999_ns	184511	array	9.652777777777779
204	steady_maxlen_latency	p99_ns	184511	ring	1.2833333333333334
204	steady_maxlen_latency	p99_ns	184511	array	1.1
205	steady_maxlen_latency	max_ns	53918	ring	7.5236799129014695
205	steady_maxlen_latency	max_ns	53918	array	50.06967882416984
205	steady_maxlen_latency	p50_ns	53918	ring	0.9795918367346939
205	steady_maxlen_latency	p50_ns	53918	array	1.0612244897959184
205	steady_maxlen_latency	p999_ns	53918	ring	1.0775193798449612
205	steady_maxlen_latency	p999_ns	53918	array	4.3565891472868215
205	steady_maxlen_latency	p99_ns	53918	ring	1.064516129032258
205	steady_maxlen_latency	p99_ns	53918	array	1.096774193548387
206	getitem_random	ns_per_op	22903	ring	0.15614052735209016
206	getitem_random	ns_per_op	22903	array	0.1389121888649715
207	append_popleft_steady	ns_per_op	63852	ring	1.0788297810171508
207	append_popleft_steady	ns_per_op	63852	array	1.0104275979787511
208	steady_maxlen_latency	max_ns	11404	ring	2.5583561643835617
208	steady_maxlen_latency	max_ns	11404	array	15.635616438356164
208	steady_maxlen_latency	p50_ns	11404	ring	0.9615384615384616
208	steady_maxlen_latency	p50_ns	11404	array	0.9230769230769231
208	steady_maxlen_latency	p999_ns	11404	ring	0.9753086419753086
208	steady_maxlen_latency	p999_ns	11404	array	6.395061728395062
208	steady_maxlen_latency	p99_ns	11404	ring	1.0307692307692307
208	steady_maxlen_latency	p99_ns	11404	array	0.9846153846153847
209	getitem_random	ns_per_op	45728	ring	0.07314540785699308
209	getitem_random	ns_per_op	45728	array	0.0689159618674507
210	append_popleft_steady	ns_per_op	4006	ring	1.0241889547389718
210	append_popleft_steady	ns_per_op	4006	array	0.9699562159664916
211	append_popleft_steady	ns_per_op	372387	ring	1.037006533655773
211	append_popleft_steady	ns_per_op	372387	array	0.9742483333636898
212	steady_maxlen_latency	max_ns	319	ring	2.891304347826087
212	steady_maxlen_latency	max_ns	319	array	2.8881074168797953
212	steady_maxlen_latency	p50_ns	319	ring	1.0208333333333333
212	steady_maxlen_latency	p50_ns	319	array	1.2708333333333333
212	steady_maxlen_latency	p999_ns	319	ring	1.0
212	steady_maxlen_latency	p999_ns	319	array	2.5135135135135136
212	steady_maxlen_latency	p99_ns	319	ring	0.896551724137931
212	steady_maxlen_latency	p99_ns	319	array	1.396551724137931
213	getitem_random	ns_per_op	36	ring	0.8347080578711095
213	getitem_random	ns_per_op	36	array	0.6927380328435178
214	append_only	ns_per_op	13	ring	1.0595067230188566
214	append_only	ns_per_op	13	array	1.020770228791107
215	steady_maxlen_latency	max_ns	2	ring	1.333028919330289
215	steady_maxlen_latency	max_ns	2	array	0.6797564687975647
215	steady_maxlen_latency	p50_ns	2	ring	0.9230769230769231
215	steady_maxlen_latency	p50_ns	2	array	1.0192307692307692
215	steady_maxlen_latency	p999_ns	2	ring	0.8192771084337349
215	steady_maxlen_latency	p999_ns	2	array	0.927710843373494
215	steady_maxlen_latency	p99_ns	2	ring	0.8225806451612904
215	steady_maxlen_latency	p99_ns	2	array	1.1935483870967742
216	steady_maxlen_latency	max_ns	4	ring	0.9737299174989145
216	steady_maxlen_latency	max_ns	4	array	13.45049934867564
216	steady_maxlen_latency	p50_ns	4	ring	0.7945205479452054
216	steady_maxlen_latency	p50_ns	4	array	0.9726027397260274
216	steady_maxlen_latency	p999_ns	4	ring	1.017094017094017
216	steady_maxlen_latency	p999_ns	4	array	1.0
216	steady_maxlen_latency	p99_ns	4	ring	0.8604651162790697
216	steady_maxlen_latency	p99_ns	4	array	1.2325581395348837
217	append_only	ns_per_op	49	ring	1.0919905227579585
217	append_only	ns_per_op	49	array	1.0923983674230553
218	append_popleft_steady	ns_per_op	6	ring	1.0412194378360011
218	append_popleft_steady	ns_per_op	6	array	1.098333758623857
219	append_popleft_steady	ns_per_op	5679	ring	1.0400615416314283
219	append_popleft_steady	ns_per_op	5679	array	0.9977197717009817
220	append_only	ns_per_op	17421	ring	1.1985163711473303
220	append_only	ns_per_op	17421	array	1.1352135884389403
221	append_popleft_steady	ns_per_op	4	ring	1.0724133151085578
221	append_popleft_steady	ns_per_op	4	array	1.1584925659762972
222	getitem_random	ns_per_op	345624	ring	0.0029547212999854835
222	getitem_random	ns_per_op	345624	array	0.002715056197790365
223	append_latency	max_ns	947420	ring	41.51153281610401
223	append_latency	max_ns	947420	array	49.022716152932134
223	append_latency	p50_ns	947420	ring	0.9375
223	append_latency	p50_ns	947420	array	0.9166666666666666
223	append_latency	p999_ns	947420	ring	0.930379746835443
223	append_latency	p999_ns	947420	array	0.8696202531645569
223	append_latency	p99_ns	947420	ring	0.92
223	append_latency	p99_ns	947420	array	1.0133333333333334
224	getitem_random	ns_per_op	47863	ring	0.06406751808217437
224	getitem_random	ns_per_op	47863	array	0.058645036098038165
225	append_only	ns_per_op	19696	ring	1.2138023489856362
225	append_only	ns_per_op	19696	array	1.1328345976290903
226	getitem_random	ns_per_op	446	ring	1.2172843168287484
226	getitem_random	ns_per_op	446	array	1.03465076364274
227	append_popleft_steady	ns_per_op	8628	ring	1.00746732432373
227	append_popleft_steady	ns_per_op	8628	array	0.9834223082518107
228	steady_maxlen_latency	max_ns	158605	ring	0.5542967670627245
228	steady_maxlen_latency	max_ns	158605	array	26.045224279266833
228	steady_maxlen_latency	p50_ns	158605	ring	1.0204081632653061
228	steady_maxlen_latency	p50_ns	158605	array	1.0
228	steady_maxlen_latency	p999_ns	158605	ring	0.5170068027210885
228	steady_maxlen_latency	p999_ns	158605	array	3.925170068027211
228	steady_maxlen_latency	p99_ns	158605	ring	1.1333333333333333
228	steady_maxlen_latency	p99_ns	158605	array	1.0833333333333333
229	append_popleft_steady	ns_per_op	39	ring	1.0324800508869623
229	append_popleft_steady	ns_per_op	39	array	0.9910247335244966
230	append_only	ns_per_op	10772	ring	1.1718037161531858
230	append_only	ns_per_op	10772	array	1.1627296360065593
231	getitem_random	ns_per_op	295	ring	0.9560934164460937
231	getitem_random	ns_per_op	295	array	0.8198071370050426
232	append_popleft_steady	ns_per_op	12360	ring	1.0707211384856945
232	append_popleft_steady	ns_per_op	12360	array	0.9904386720708807
233	append_latency	max_ns	298	ring	2.9904761904761905
233	append_latency	max_ns	298	array	1.9761904761904763
233	append_latency	p50_ns	298	ring	1.0909090909090908
233	append_latency	p50_ns	298	array	1.0909090909090908
233	append_latency	p999_ns	298	ring	2.9904761904761905
233	append_latency	p999_ns	298	array	1.9761904761904763
233	append_latency	p99_ns	298	ring	1.1037037037037036
233	append_latency	p99_ns	298	array	1.4222222222222223
234	getitem_random	ns_per_op	415530	ring	0.007038039996129587
234	getitem_random	ns_per_op	415530	array	0.006540966377842493
235	getitem_random	ns_per_op	923397	ring	0.0033165674188171267
235	getitem_random	ns_per_op	923397	array	0.003035012427778403
236	steady_maxlen_latency	max_ns	7989	ring	1.6677115987460815
236	steady_maxlen_latency	max_ns	7989	array	8.309090909090909
236	steady_maxlen_latency	p50_ns	7989	ring	1.2075471698113207
236	steady_maxlen_latency	p50_ns	7989	array	0.9433962264150944
236	steady_maxlen_latency	p999_ns	7989	ring	1.2602739726027397
236	steady_maxlen_latency	p999_ns	7989	array	2.3424657534246576
236	steady_maxlen_latency	p99_ns	7989	ring	1.3492063492063493
236	steady_maxlen_latency	p99_ns	7989	array	0.9206349206349206
237	append_only	ns_per_op	420840	ring	1.1064673809795853
237	append_only	ns_per_op	420840	array	0.9460277587305131
238	getitem_random	ns_per_op	222531	ring	0.013066994011273977
238	getitem_random	ns_per_op	222531	array	0.011837216098292242
239	append_only	ns_per_op	10609	ring	1.0843129946314223
239	append_only	ns_per_op	10609	array	1.0931115582896171
240	steady_maxlen_latency	max_ns	81679	ring	1.2631868957571508
240	steady_maxlen_latency	max_ns	81679	array	8.706156389320242
240	steady_maxlen_latency	p50_ns	81679	ring	0.9791666666666666
240	steady_maxlen_latency	p50_ns	81679	array	1.0416666666666667
240	steady_maxlen_latency	p999_ns	81679	ring	1.462686567164179
240	steady_maxlen_latency	p999_ns	81679	array	8.17910447761194
240	steady_maxlen_latency	p99_ns	81679	ring	1.1016949152542372
240	steady_maxlen_latency	p99_ns	81679	array	1.11864406779661
241	append_popleft_steady	ns_per_op	2865	ring	1.0113684889067507
241	append_popleft_steady	ns_per_op	2865	array	0.9579640209921572
242	append_popleft_steady	ns_per_op	282	ring	1.030477238766834
242	append_popleft_steady	ns_per_op	282	array	1.06160385499038
243	append_popleft_steady	ns_per_op	78099	ring	1.0269678075368383
243	append_popleft_steady	ns_per_op	78099	array	0.9757209606098218
244	getitem_random	ns_per_op	4641	ring	0.5699907504825974
244	getitem_random	ns_per_op	4641	array	0.49535456661924354
245	append_popleft_steady	ns_per_op	141931	ring	1.0328937157645635
245	append_popleft_steady	ns_per_op	141931	array	0.987854851656608
246	append_latency	max_ns	104	ring	1.9620253164556962
246	append_latency	max_ns	104	array	1.4050632911392404
246	append_latency	p50_ns	104	ring	1.065217391304348
246	append_latency	p50_ns	104	array	0.9782608695652174
246	append_latency	p999_ns	104	ring	1.9620253164556962
246	append_latency	p999_ns	104	array	1.4050632911392404
246	append_latency	p99_ns	104	ring	1.3388888888888888
246	append_latency	p99_ns	104	array	1.1722222222222223
247	append_only	ns_per_op	1665	ring	1.0635969067193447
247	append_only	ns_per_op	1665	array	0.9701867437579981
248	steady_maxlen_latency	max_ns	3	ring	0.15165262475696695
248	steady_maxlen_latency	max_ns	3	array	2.8405703175631887
248	steady_maxlen_latency	p50_ns	3	ring	1.0
248	steady_maxlen_latency	p50_ns	3	array	1.14
248	steady_maxlen_latency	p999_ns	3	ring	1.0147058823529411
248	steady_maxlen_latency	p999_ns	3	array	1.3088235294117647
248	steady_maxlen_latency	p99_ns	3	ring	1.0
248	steady_maxlen_latency	p99_ns	3	array	1.2881355932203389
249	append_latency	max_ns	914082	ring	44.414997671169075
249	append_latency	max_ns	914082	array	55.756792423536716
249	append_latency	p50_ns	914082	ring	1.0
249	append_latency	p50_ns	914082	array	1.0222222222222221
249	append_latency	p999_ns	914082	ring	0.9200542005420054
249	append_latency	p999_ns	914082	array	0.9186991869918699
249	append_latency	p99_ns	914082	ring	0.958904109589041
249	append_latency	p99_ns	914082	array	0.958904109589041
250	append_latency	max_ns	6	ring	2.2302405498281788
250	append_latency	max_ns	6	array	1.0962199312714778
250	append_latency	p50_ns	6	ring	1.375
250	append_latency	p50_ns	6	array	2.5
250	append_latency	p999_ns	6	ring	2.2302405498281788
250	append_latency	p999_ns	6	array	1.0962199312714778
250	append_latency	p99_ns	6	ring	2.2302405498281788
250	append_latency	p99_ns	6	array	1.0962199312714778
251	steady_maxlen_latency	max_ns	5	ring	0.13926701570680627
251	steady_maxlen_latency	max_ns	5	array	2.469109947643979
251	steady_maxlen_latency	p50_ns	5	ring	1.04
251	steady_maxlen_latency	p50_ns	5	array	1.58
251	steady_maxlen_latency	p999_ns	5	ring	1.1492537313432836
251	steady_maxlen_latency	p999_ns	5	array	2.0597014925373136
251	steady_maxlen_latency	p99_ns	5	ring	1.0508474576271187
251	steady_maxlen_latency	p99_ns	5	array	1.8983050847457628
252	getitem_random	ns_per_op	803428	ring	0.0013258328151703172
252	getitem_random	ns_per_op	803428	array	0.0013175695275931749
253	getitem_random	ns_per_op	60	ring	0.8246116391851492
253	getitem_random	ns_per_op	60	array	0.707681797405213
254	append_popleft_steady	ns_per_op	1	ring	1.2065297366479069
254	append_popleft_steady	ns_per_op	1	array	1.2695180422565366
255	getitem_random	ns_per_op	229263	ring	0.012119394692108636
255	getitem_random	ns_per_op	229263	array	0.010591252397431307
256	append_only	ns_per_op	1302	ring	1.0614121315920753
256	append_only	ns_per_op	1302	array	0.9716469563161032
257	append_only	ns_per_op	293	ring	1.0458465431629855
257	append_only	ns_per_op	293	array	1.0724958247539278
258	append_popleft_steady	ns_per_op	4	ring	1.0433939829247407
258	append_popleft_steady	ns_per_op	4	array	1.1045699112984346
259	append_popleft_steady	ns_per_op	3	ring	1.0884421583737605
259	append_popleft_steady	ns_per_op	3	array	1.1189561000217993
260	append_popleft_steady	ns_per_op	168	ring	1.01173490455356
260	append_popleft_steady	ns_per_op	168	array	1.006175375633728
261	getitem_random	ns_per_op	549739	ring	0.00545457649672342
261	getitem_random	ns_per_op	549739	array	0.005275207857397805
262	steady_maxlen_latency	max_ns	1	ring	0.4783925686591276
262	steady_maxlen_latency	max_ns	1	array	0.7003231017770598
262	steady_maxlen_latency	p50_ns	1	ring	0.8333333333333334
262	steady_maxlen_latency	p50_ns	1	array	0.5729166666666666
262	steady_maxlen_latency	p999_ns	1	ring	0.5236051502145923
262	steady_maxlen_latency	p999_ns	1	array	0.3605150214592275
262	steady_maxlen_latency	p99_ns	1	ring	0.6376811594202898
262	steady_maxlen_latency	p99_ns	1	array	0.41304347826086957
263	steady_maxlen_latency	max_ns	47746	ring	0.32876978725059314
263	steady_maxlen_latency	max_ns	47746	array	6.059001983586792
263	steady_maxlen_latency	p50_ns	47746	ring	0.9056603773584906
263	steady_maxlen_latency	p50_ns	47746	array	1.2075471698113207
263	steady_maxlen_latency	p999_ns	47746	ring	0.7010309278350515
263	steady_maxlen_latency	p999_ns	47746	array	7.979381443298969
263	steady_maxlen_latency	p99_ns	47746	ring	0.8783783783783784
263	steady_maxlen_latency	p99_ns	47746	array	1.4594594594594594
264	steady_maxlen_latency	max_ns	23	ring	2.96472184531886
264	steady_maxlen_latency	max_ns	23	array	8.615332428765264
264	steady_maxlen_latency	p50_ns	23	ring	0.9795918367346939
264	steady_maxlen_latency	p50_ns	23	array	1.5918367346938775
264	steady_maxlen_latency	p999_ns	23	ring	1.0422535211267605
264	steady_maxlen_latency	p999_ns	23	array	2.211267605633803
264	steady_maxlen_latency	p99_ns	23	ring	1.0
264	steady_maxlen_latency	p99_ns	23	array	2.0
265	append_only	ns_per_op	84858	ring	1.1003933751163126
265	append_only	ns_per_op	84858	array	1.0747508474216296
266	append_only	ns_per_op	105958	ring	1.0942976012892789
266	append_only	ns_per_op	105958	array	1.095630520669819
267	steady_maxlen_latency	max_ns	20866	ring	5.998378378378378
267	steady_maxlen_latency	max_ns	20866	array	8.77
267	steady_maxlen_latency	p50_ns	20866	ring	1.0
267	steady_maxlen_latency	p50_ns	20866	array	0.96
267	steady_maxlen_latency	p999_ns	20866	ring	1.6701030927835052
267	steady_maxlen_latency	p999_ns	20866	array	5.350515463917525
267	steady_maxlen_latency	p99_ns	20866	ring	0.8939393939393939
267	steady_maxlen_latency	p99_ns	20866	array	0.9696969696969697
268	append_popleft_steady	ns_per_op	11	ring	1.0691772704183766
268	append_popleft_steady	ns_per_op	11	array	1.0179822685598285
269	getitem_random	ns_per_op	104	ring	0.841086667396724
269	getitem_random	ns_per_op	104	array	0.6769195886570467
270	append_latency	max_ns	69509	ring	11.55512118842846
270	append_latency	max_ns	69509	array	7.9669880983407175
270	append_latency	p50_ns	69509	ring	0.8571428571428571
270	append_latency	p50_ns	69509	array	0.8035714285714286
270	append_latency	p999_ns	69509	ring	0.941108545034642
270	append_latency	p999_ns	69509	array	0.8013856812933026
270	append_latency	p99_ns	69509	ring	0.7526881720430108
270	append_latency	p99_ns	69509	array	0.7849462365591398
271	getitem_random	ns_per_op	767	ring	1.1139687689867306
271	getitem_random	ns_per_op	767	array	0.9450282657176471
272	append_popleft_steady	ns_per_op	2318	ring	0.9909752446374013
272	append_popleft_steady	ns_per_op	2318	array	0.9643756921776607
273	append_only	ns_per_op	3314	ring	1.0620281432080232
273	append_only	ns_per_op	3314	array	1.0169100447397306
274	append_only	ns_per_op	54	ring	1.0616846325387885
274	append_only	ns_per_op	54	array	1.0635209791102536
275	append_popleft_steady	ns_per_op	2827	ring	1.047395157626943
275	append_popleft_steady	ns_per_op	2827	array	0.9976831921048241
276	append_only	ns_per_op	151	ring	1.0934007308115625
276	append_only	ns_per_op	151	array	1.0675661419409281
277	append_latency	max_ns	250	ring	2.200956937799043
277	append_latency	max_ns	250	array	2.1626794258373208
277	append_latency	p50_ns	250	ring	1.0227272727272727
277	append_latency	p50_ns	250	array	1.5454545454545454
277	append_latency	p999_ns	250	ring	2.200956937799043
277	append_latency	p999_ns	250	array	2.1626794258373208
277	append_latency	p99_ns	250	ring	1.188976377952756
277	append_latency	p99_ns	250	array	2.062992125984252
278	append_latency	max_ns	28	ring	1.5555555555555556
278	append_latency	max_ns	28	array	1.5822222222222222
278	append_latency	p50_ns	28	ring	1.0888888888888888
278	append_latency	p50_ns	28	array	1.2
278	append_latency	p999_ns	28	ring	1.5555555555555556
278	append_latency	p999_ns	28	array	1.5822222222222222
278	append_latency	p99_ns	28	ring	1.5555555555555556
278	append_latency	p99_ns	28	array	1.5822222222222222
279	steady_maxlen_latency	max_ns	24	ring	0.31386861313868614
279	steady_maxlen_latency	max_ns	24	array	1.6670409882088715
279	steady_maxlen_latency	p50_ns	24	ring	0.9444444444444444
279	steady_maxlen_latency	p50_ns	24	array	1.2037037037037037
279	steady_maxlen_latency	p999_ns	24	ring	0.7706422018348624
279	steady_maxlen_latency	p999_ns	24	array	1.3027522935779816
279	steady_maxlen_latency	p99_ns	24	ring	0.9295774647887324
279	steady_maxlen_latency	p99_ns	24	array	1.2394366197183098
280	append_popleft_steady	ns_per_op	2	ring	1.009568464623006
280	append_popleft_steady	ns_per_op	2	array	1.2386858823749851
281	steady_maxlen_latency	max_ns	31737	ring	1.0485466914038342
281	steady_maxlen_latency	max_ns	31737	array	18.869511440940013
281	steady_maxlen_latency	p50_ns	31737	ring	1.1666666666666667
281	steady_maxlen_latency	p50_ns	31737	array	1.0208333333333333
281	steady_maxlen_latency	p999_ns	31737	ring	1.5942028985507246
281	steady_maxlen_latency	p999_ns	31737	array	8.826086956521738
281	steady_maxlen_latency	p99_ns	31737	ring	1.2586206896551724
281	steady_maxlen_latency	p99_ns	31737	array	1.1206896551724137
282	getitem_random	ns_per_op	30	ring	0.8249432603144206
282	getitem_random	ns_per_op	30	array	0.6723353407497041
283	getitem_random	ns_per_op	782727	ring	0.003917715520474874
283	getitem_random	ns_per_op	782727	array	0.0035504125099667903
284	append_only	ns_per_op	37696	ring	1.2063603156901106
284	append_only	ns_per_op	37696	array	0.8998597521407053
285	append_only	ns_per_op	48	ring	1.008683137605599
285	append_only	ns_per_op	48	array	0.9191441252488717
286	append_only	ns_per_op	3	ring	0.9560735952601505
286	append_only	ns_per_op	3	array	0.8821752889117991
287	append_latency	max_ns	11265	ring	3.4080035770176615
287	append_latency	max_ns	11265	array	8.08696624189582
287	append_latency	p50_ns	11265	ring	1.0217391304347827
287	append_latency	p50_ns	11265	array	2.5
287	append_latency	p999_ns	11265	ring	0.9629629629629629
287	append_latency	p999_ns	11265	array	1.826762246117085
287	append_latency	p99_ns	11265	ring	0.9594594594594594
287	append_latency	p99_ns	11265	array	2.472972972972973
288	getitem_random	ns_per_op	36231	ring	0.09708964374207482
288	getitem_random	ns_per_op	36231	array	0.08811823258974427
289	append_latency	max_ns	343	ring	1.8745762711864407
289	append_latency	max_ns	343	array	1.3389830508474576
289	append_latency	p50_ns	343	ring	0.8070175438596491
289	append_latency	p50_ns	343	array	0.7543859649122807
289	append_latency	p999_ns	343	ring	1.8745762711864407
289	append_latency	p999_ns	343	array	1.3389830508474576
289	append_latency	p99_ns	343	ring	0.7908163265306123
289	append_latency	p99_ns	343	array	0.7295918367346939
290	append_only	ns_per_op	1765	ring	1.1013407348121198
290	append_only	ns_per_op	1765	array	1.0190080218680955
291	append_popleft_steady	ns_per_op	2	ring	1.0785284264903316
291	append_popleft_steady	ns_per_op	2	array	1.259727281801316
292	append_latency	max_ns	2797	ring	1.1846606092998397
292	append_latency	max_ns	2797	array	0.760555852485302
292	append_latency	p50_ns	2797	ring	0.8245614035087719
292	append_latency	p50_ns	2797	array	1.2105263157894737
292	append_latency	p999_ns	2797	ring	4.515418502202643
292	append_latency	p999_ns	2797	array	3.343612334801762
292	append_latency	p99_ns	2797	ring	0.7777777777777778
292	append_latency	p99_ns	2797	array	0.9292929292929293
293	steady_maxlen_latency	max_ns	32	ring	0.06674285714285715
293	steady_maxlen_latency	max_ns	32	array	1.0203428571428572
293	steady_maxlen_latency	p50_ns	32	ring	1.0416666666666667
293	steady_maxlen_latency	p50_ns	32	array	1.0
293	steady_maxlen_latency	p999_ns	32	ring	0.75
293	steady_maxlen_latency	p999_ns	32	array	1.0795454545454546
293	steady_maxlen_latency	p99_ns	32	ring	1.0344827586206897
293	steady_maxlen_latency	p99_ns	32	array	1.2241379310344827
294	append_popleft_steady	ns_per_op	344	ring	1.02061770117704
294	append_popleft_steady	ns_per_op	344	array	0.9320909361688159
295	append_latency	max_ns	199	ring	2.6126126126126126
295	append_latency	max_ns	199	array	1.490990990990991
295	append_latency	p50_ns	199	ring	1.0666666666666667
295	append_latency	p50_ns	199	array	1.2222222222222223
295	append_latency	p999_ns	199	ring	2.6126126126126126
295	append_latency	p999_ns	199	array	1.490990990990991
295	append_latency	p99_ns	199	ring	1.055
295	append_latency	p99_ns	199	array	1.055
296	append_popleft_steady	ns_per_op	2314	ring	1.026363395173472
296	append_popleft_steady	ns_per_op	2314	array	0.9969787302455553
297	append_latency	max_ns	12070	ring	3.9703471552555447
297	append_latency	max_ns	12070	array	4.161764705882353
297	append_latency	p50_ns	12070	ring	1.0444444444444445
297	append_latency	p50_ns	12070	array	1.1111111111111112
297	append_latency	p999_ns	12070	ring	1.3865979381443299
297	append_latency	p999_ns	12070	array	1.3213058419243986
297	append_latency	p99_ns	12070	ring	0.8846153846153846
297	append_latency	p99_ns	12070	array	1.1153846153846154
298	getitem_random	ns_per_op	291	ring	0.9760658540721235
298	getitem_random	ns_per_op	291	array	0.8163876351371581
299	getitem_random	ns_per_op	2420	ring	0.7903962005518509
299	getitem_random	ns_per_op	2420	array	0.6748562288347032
