0	steady_maxlen_latency	max_ns	6702	ring	0.7122958693563881
0	steady_maxlen_latency	max_ns	6702	array	4.710854947166187
0	steady_maxlen_latency	p50_ns	6702	ring	1.02
0	steady_maxlen_latency	p50_ns	6702	array	1.06
0	steady_maxlen_latency	p999_ns	6702	ring	0.8522727272727273
0	steady_maxlen_latency	p999_ns	6702	array	6.806818181818182
0	steady_maxlen_latency	p99_ns	6702	ring	0.9166666666666666
0	steady_maxlen_latency	p99_ns	6702	array	1.1
1	getitem_random	ns_per_op	22424	ring	0.15526928840652104
1	getitem_random	ns_per_op	22424	array	0.14276444194965193
2	append_latency	max_ns	2938	ring	10.693486590038313
2	append_latency	max_ns	2938	array	17.36015325670498
2	append_latency	p50_ns	2938	ring	1.0
2	append_latency	p50_ns	2938	array	1.0434782608695652
2	append_latency	p999_ns	2938	ring	7.556962025316456
2	append_latency	p999_ns	2938	array	11.886075949367088
2	append_latency	p99_ns	2938	ring	1.4545454545454546
2	append_latency	p99_ns	2938	array	1.2207792207792207
3	append_popleft_steady	ns_per_op	40625	ring	1.0476207422270454
3	append_popleft_steady	ns_per_op	40625	array	0.969556373292748
4	getitem_random	ns_per_op	2	ring	0.8398977548976889
4	getitem_random	ns_per_op	2	array	0.7124517669992707
5	getitem_random	ns_per_op	1139	ring	0.9691149092509181
5	getitem_random	ns_per_op	1139	array	0.8536583078886129
6	getitem_random	ns_per_op	68109	ring	0.044419188598307874
6	getitem_random	ns_per_op	68109	array	0.041023067092428755
7	append_latency	max_ns	1303	ring	2.706122448979592
7	append_latency	max_ns	1303	array	13.024489795918367
7	append_latency	p50_ns	1303	ring	1.0222222222222221
7	append_latency	p50_ns	1303	array	1.0
7	append_latency	p999_ns	1303	ring	1.3966480446927374
7	append_latency	p999_ns	1303	array	6.251396648044692
7	append_latency	p99_ns	1303	ring	1.8987341772151898
7	append_latency	p99_ns	1303	array	1.5316455696202531
8	getitem_random	ns_per_op	1837	ring	0.8360066889030219
8	getitem_random	ns_per_op	1837	array	0.7345339127452815
9	append_only	ns_per_op	4	ring	0.9658269087747001
9	append_only	ns_per_op	4	array	0.8851348685690557
10	append_latency	max_ns	6911	ring	7.544303797468355
10	append_latency	max_ns	6911	array	9.109055501460565
10	append_latency	p50_ns	6911	ring	1.0869565217391304
10	append_latency	p50_ns	6911	array	1.0434782608695652
10	append_latency	p999_ns	6911	ring	5.48062015503876
10	append_latency	p999_ns	6911	array	6.767441860465116
10	append_latency	p99_ns	6911	ring	1.1805555555555556
10	append_latency	p99_ns	6911	array	1.0
11	append_only	ns_per_op	133	ring	1.2567733143594932
11	append_only	ns_per_op	133	array	1.0845014307522405
12	append_popleft_steady	ns_per_op	1472	ring	1.0749258175162486
12	append_popleft_steady	ns_per_op	1472	array	0.9798059274280706
13	steady_maxlen_latency	max_ns	2	ring	1.6207792207792209
13	steady_maxlen_latency	max_ns	2	array	2.128311688311688
13	steady_maxlen_latency	p50_ns	2	ring	0.9795918367346939
13	steady_maxlen_latency	p50_ns	2	array	1.1224489795918366
13	steady_maxlen_latency	p999_ns	2	ring	1.0555555555555556
13	steady_maxlen_latency	p999_ns	2	array	1.5833333333333333
13	steady_maxlen_latency	p99_ns	2	ring	0.8620689655172413
13	steady_maxlen_latency	p99_ns	2	array	1.3275862068965518
14	steady_maxlen_latency	max_ns	2283	ring	3.026110545947779
14	steady_maxlen_latency	max_ns	2283	array	2.2658528314682944
14	steady_maxlen_latency	p50_ns	2283	ring	1.0208333333333333
14	steady_maxlen_latency	p50_ns	2283	array	1.0416666666666667
14	steady_maxlen_latency	p999_ns	2283	ring	1.3883495145631068
14	steady_maxlen_latency	p999_ns	2283	array	4.271844660194175
14	steady_maxlen_latency	p99_ns	2283	ring	1.0
14	steady_maxlen_latency	p99_ns	2283	array	0.9508196721311475
15	getitem_random	ns_per_op	1	ring	1.1288814173506505
15	getitem_random	ns_per_op	1	array	0.9595203511638304
16	append_only	ns_per_op	101465	ring	1.2249744318988962
16	append_only	ns_per_op	101465	array	1.0606723685047228
17	steady_maxlen_latency	max_ns	4056	ring	2.5444816053511707
17	steady_maxlen_latency	max_ns	4056	array	6.355852842809364
17	steady_maxlen_latency	p50_ns	4056	ring	1.02
17	steady_maxlen_latency	p50_ns	4056	array	0.96
17	steady_maxlen_latency	p999_ns	4056	ring	2.423076923076923
17	steady_maxlen_latency	p999_ns	4056	array	5.564102564102564
17	steady_maxlen_latency	p99_ns	4056	ring	2.066666666666667
17	steady_maxlen_latency	p99_ns	4056	array	0.95
18	append_popleft_steady	ns_per_op	3277	ring	1.0744972358484168
18	append_popleft_steady	ns_per_op	3277	array	0.9774213230839173
19	append_popleft_steady	ns_per_op	101	ring	1.0408000858188073
19	append_popleft_steady	ns_per_op	101	array	0.9938494411710943
20	getitem_random	ns_per_op	908	ring	1.0439886249305794
20	getitem_random	ns_per_op	908	array	0.9131310744227945
21	append_popleft_steady	ns_per_op	120	ring	1.0831534857009542
21	append_popleft_steady	ns_per_op	120	array	0.98870316383243
22	append_only	ns_per_op	11924	ring	1.213227654650415
22	append_only	ns_per_op	11924	array	1.080543018708454
23	append_only	ns_per_op	605683	ring	1.3453124903868305
23	append_only	ns_per_op	605683	array	1.145004782998077
24	steady_maxlen_latency	max_ns	1	ring	2.255511022044088
24	steady_maxlen_latency	max_ns	1	array	2.4899799599198396
24	steady_maxlen_latency	p50_ns	1	ring	1.0851063829787233
24	steady_maxlen_latency	p50_ns	1	array	1.148936170212766
24	steady_maxlen_latency	p999_ns	1	ring	0.9736842105263158
24	steady_maxlen_latency	p999_ns	1	array	1.486842105263158
24	steady_maxlen_latency	p99_ns	1	ring	0.9473684210526315
24	steady_maxlen_latency	p99_ns	1	array	1.1403508771929824
25	steady_maxlen_latency	max_ns	4618	ring	0.18063583815028902
25	steady_maxlen_latency	max_ns	4618	array	5.205684007707129
25	steady_maxlen_latency	p50_ns	4618	ring	1.0208333333333333
25	steady_maxlen_latency	p50_ns	4618	array	1.0
25	steady_maxlen_latency	p999_ns	4618	ring	0.7961165048543689
25	steady_maxlen_latency	p999_ns	4618	array	6.660194174757281
25	steady_maxlen_latency	p99_ns	4618	ring	0.7361111111111112
25	steady_maxlen_latency	p99_ns	4618	array	0.9583333333333334
26	getitem_random	ns_per_op	737153	ring	0.00417660526083795
26	getitem_random	ns_per_op	737153	array	0.003783210939144527
27	steady_maxlen_latency	max_ns	16	ring	0.0833144197306703
27	steady_maxlen_latency	max_ns	16	array	0.08811847480708125
27	steady_maxlen_latency	p50_ns	16	ring	0.7142857142857143
27	steady_maxlen_latency	p50_ns	16	array	0.8
27	steady_maxlen_latency	p999_ns	16	ring	0.7378640776699029
27	steady_maxlen_latency	p999_ns	16	array	0.9320388349514563
27	steady_maxlen_latency	p99_ns	16	ring	0.75
27	steady_maxlen_latency	p99_ns	16	array	0.9
28	getitem_random	ns_per_op	4371	ring	0.5857023124897403
28	getitem_random	ns_per_op	4371	array	0.5130596667451139
29	getitem_random	ns_per_op	464	ring	1.2148609758083968
29	getitem_random	ns_per_op	464	array	1.0228519301911083
30	append_latency	max_ns	9442	ring	4.994322482967449
30	append_latency	max_ns	9442	array	6.691521574564724
30	append_latency	p50_ns	9442	ring	1.0666666666666667
30	append_latency	p50_ns	9442	array	1.0
30	append_latency	p999_ns	9442	ring	4.063492063492063
30	append_latency	p999_ns	9442	array	5.904761904761905
30	append_latency	p99_ns	9442	ring	1.0555555555555556
30	append_latency	p99_ns	9442	array	0.9305555555555556
31	append_popleft_steady	ns_per_op	567950	ring	1.0620624720965819
31	append_popleft_steady	ns_per_op	567950	array	1.0031864293972361
32	append_popleft_steady	ns_per_op	2	ring	1.0539563136717798
32	append_popleft_steady	ns_per_op	2	array	1.284136647469779
33	append_latency	max_ns	35	ring	2.293103448275862
33	append_latency	max_ns	35	array	1.293103448275862
33	append_latency	p50_ns	35	ring	1.0
33	append_latency	p50_ns	35	array	1.0222222222222221
33	append_latency	p999_ns	35	ring	2.293103448275862
33	append_latency	p999_ns	35	array	1.293103448275862
33	append_latency	p99_ns	35	ring	2.293103448275862
33	append_latency	p99_ns	35	array	1.293103448275862
34	steady_maxlen_latency	max_ns	164766	ring	0.9910789206377247
34	steady_maxlen_latency	max_ns	164766	array	17.562867111248508
34	steady_maxlen_latency	p50_ns	164766	ring	0.98
34	steady_maxlen_latency	p50_ns	164766	array	0.96
34	steady_maxlen_latency	p999_ns	164766	ring	0.9642857142857143
34	steady_maxlen_latency	p999_ns	164766	array	4.053571428571429
34	steady_maxlen_latency	p99_ns	164766	ring	0.9841269841269841
34	steady_maxlen_latency	p99_ns	164766	array	1.1428571428571428
35	steady_maxlen_latency	max_ns	333754	ring	1.0191686000076066
35	steady_maxlen_latency	max_ns	333754	array	25.5431863994219
35	steady_maxlen_latency	p50_ns	333754	ring	1.0204081632653061
35	steady_maxlen_latency	p50_ns	333754	array	1.0204081632653061
35	steady_maxlen_latency	p999_ns	333754	ring	0.7211538461538461
35	steady_maxlen_latency	p999_ns	333754	array	3.4903846153846154
35	steady_maxlen_latency	p99_ns	333754	ring	0.5080645161290323
35	steady_maxlen_latency	p99_ns	333754	array	1.0241935483870968
36	append_only	ns_per_op	6343	ring	1.1536706568366077
36	append_only	ns_per_op	6343	array	0.9944736878241347
37	append_popleft_steady	ns_per_op	5149	ring	1.0689303256786191
37	append_popleft_steady	ns_per_op	5149	array	0.9722285993394357
38	append_popleft_steady	ns_per_op	135815	ring	1.0523739969760426
38	append_popleft_steady	ns_per_op	135815	array	0.9528760329974497
39	getitem_random	ns_per_op	158	ring	0.8329927174413215
39	getitem_random	ns_per_op	158	array	0.70733170621703
40	getitem_random	ns_per_op	740679	ring	0.004170794338520341
40	getitem_random	ns_per_op	740679	array	0.0037669284629958466
41	getitem_random	ns_per_op	5587	ring	0.5088863692354052
41	getitem_random	ns_per_op	5587	array	0.4508343539110814
42	append_popleft_steady	ns_per_op	2	ring	1.0537814841414077
42	append_popleft_steady	ns_per_op	2	array	1.2851788107602051
43	getitem_random	ns_per_op	3	ring	0.8788620893596534
43	getitem_random	ns_per_op	3	array	0.7406177967023652
44	append_popleft_steady	ns_per_op	14091	ring	1.0763965250197456
44	append_popleft_steady	ns_per_op	14091	array	0.98646135959614
45	steady_maxlen_latency	max_ns	173	ring	0.8550909671241621
45	steady_maxlen_latency	max_ns	173	array	1.064794127034791
45	steady_maxlen_latency	p50_ns	173	ring	1.0
45	steady_maxlen_latency	p50_ns	173	array	1.02
45	steady_maxlen_latency	p999_ns	173	ring	0.8823529411764706
45	steady_maxlen_latency	p999_ns	173	array	1.611764705882353
45	steady_maxlen_latency	p99_ns	173	ring	0.8387096774193549
45	steady_maxlen_latency	p99_ns	173	array	1.7741935483870968
46	append_only	ns_per_op	54121	ring	1.2035175653945345
46	append_only	ns_per_op	54121	array	0.9203310866846354
47	append_popleft_steady	ns_per_op	79825	ring	1.0502676131071633
47	append_popleft_steady	ns_per_op	79825	array	0.9935176158704155
48	getitem_random	ns_per_op	2046	ring	0.842927243006895
48	getitem_random	ns_per_op	2046	array	0.7312671409384802
49	append_latency	max_ns	12	ring	2.9414414414414414
49	append_latency	max_ns	12	array	1.3963963963963963
49	append_latency	p50_ns	12	ring	1.9787234042553192
49	append_latency	p50_ns	12	array	1.8297872340425532
49	append_latency	p999_ns	12	ring	2.9414414414414414
49	append_latency	p999_ns	12	array	1.3963963963963963
49	append_latency	p99_ns	12	ring	2.9414414414414414
49	append_latency	p99_ns	12	array	1.3963963963963963
50	getitem_random	ns_per_op	4	ring	0.8906941063328804
50	getitem_random	ns_per_op	4	array	0.7508295433903032
51	append_only	ns_per_op	241	ring	1.3477461546550853
51	append_only	ns_per_op	241	array	1.0421508462435443
52	append_popleft_steady	ns_per_op	273800	ring	1.0570471214580146
52	append_popleft_steady	ns_per_op	273800	array	0.9894136401237728
53	steady_maxlen_latency	max_ns	9468	ring	0.12712464589235128
53	steady_maxlen_latency	max_ns	9468	array	8.403682719546742
53	steady_maxlen_latency	p50_ns	9468	ring	0.6835443037974683
53	steady_maxlen_latency	p50_ns	9468	array	0.6329113924050633
53	steady_maxlen_latency	p999_ns	9468	ring	0.7266187050359713
53	steady_maxlen_latency	p999_ns	9468	array	5.64748201438849
53	steady_maxlen_latency	p99_ns	9468	ring	0.8202247191011236
53	steady_maxlen_latency	p99_ns	9468	array	0.7078651685393258
54	append_latency	max_ns	529333	ring	37.749783484580334
54	append_latency	max_ns	529333	array	29.39296607297511
54	append_latency	p50_ns	529333	ring	1.0425531914893618
54	append_latency	p50_ns	529333	array	0.9574468085106383
54	append_latency	p999_ns	529333	ring	0.7058080808080808
54	append_latency	p999_ns	529333	array	0.9381313131313131
54	append_latency	p99_ns	529333	ring	0.9594594594594594
54	append_latency	p99_ns	529333	array	0.8918918918918919
55	getitem_random	ns_per_op	796	ring	1.0790893455903585
55	getitem_random	ns_per_op	796	array	0.9521924291660655
56	append_latency	max_ns	10478	ring	20.5367027677497
56	append_latency	max_ns	10478	array	20.447653429602887
56	append_latency	p50_ns	10478	ring	1.574468085106383
56	append_latency	p50_ns	10478	array	0.9574468085106383
56	append_latency	p999_ns	10478	ring	7.71978021978022
56	append_latency	p999_ns	10478	array	4.8791208791208796
56	append_latency	p99_ns	10478	ring	1.1733333333333333
56	append_latency	p99_ns	10478	array	0.8933333333333333
57	getitem_random	ns_per_op	4444	ring	0.5680735452706939
57	getitem_random	ns_per_op	4444	array	0.5130026772912507
58	steady_maxlen_latency	max_ns	66	ring	0.12352941176470589
58	steady_maxlen_latency	max_ns	66	array	1.1658088235294117
58	steady_maxlen_latency	p50_ns	66	ring	1.0204081632653061
58	steady_maxlen_latency	p50_ns	66	array	1.6326530612244898
58	steady_maxlen_latency	p999_ns	66	ring	0.7931034482758621
58	steady_maxlen_latency	p999_ns	66	array	2.045977011494253
58	steady_maxlen_latency	p99_ns	66	ring	0.9830508474576272
58	steady_maxlen_latency	p99_ns	66	array	2.2033898305084745
59	getitem_random	ns_per_op	8	ring	0.8918555897892229
59	getitem_random	ns_per_op	8	array	0.7550510804986906
60	getitem_random	ns_per_op	517	ring	1.1614817714786105
60	getitem_random	ns_per_op	517	array	0.9810235704734608
61	steady_maxlen_latency	max_ns	1672	ring	1.1902587519025876
61	steady_maxlen_latency	max_ns	1672	array	2.671993911719939
61	steady_maxlen_latency	p50_ns	1672	ring	1.0816326530612246
61	steady_maxlen_latency	p50_ns	1672	array	1.0204081632653061
61	steady_maxlen_latency	p999_ns	1672	ring	1.2325581395348837
61	steady_maxlen_latency	p999_ns	1672	array	4.1976744186046515
61	steady_maxlen_latency	p99_ns	1672	ring	1.0847457627118644
61	steady_maxlen_latency	p99_ns	1672	array	1.3898305084745763
62	getitem_random	ns_per_op	39197	ring	0.08553366815078293
62	getitem_random	ns_per_op	39197	array	0.08092585938436837
63	getitem_random	ns_per_op	550	ring	1.2124113578414617
63	getitem_random	ns_per_op	550	array	1.0072296804920098
64	append_only	ns_per_op	90347	ring	1.2325731326689875
64	append_only	ns_per_op	90347	array	1.0926129777760831
65	append_only	ns_per_op	18650	ring	1.2659558522877543
65	append_only	ns_per_op	18650	array	1.1457423501022166
66	steady_maxlen_latency	max_ns	3	ring	2.3394241417497232
66	steady_maxlen_latency	max_ns	3	array	0.19102990033222592
66	steady_maxlen_latency	p50_ns	3	ring	1.0612244897959184
66	steady_maxlen_latency	p50_ns	3	array	1.0816326530612246
66	steady_maxlen_latency	p999_ns	3	ring	0.7916666666666666
66	steady_maxlen_latency	p999_ns	3	array	0.78125
66	steady_maxlen_latency	p99_ns	3	ring	0.9393939393939394
66	steady_maxlen_latency	p99_ns	3	array	1.106060606060606
67	append_latency	max_ns	6	ring	2.4356060606060606
67	append_latency	max_ns	6	array	1.3825757575757576
67	append_latency	p50_ns	6	ring	1.5909090909090908
67	append_latency	p50_ns	6	array	2.659090909090909
67	append_latency	p999_ns	6	ring	2.4356060606060606
67	append_latency	p999_ns	6	array	1.3825757575757576
67	append_latency	p99_ns	6	ring	2.4356060606060606
67	append_latency	p99_ns	6	array	1.3825757575757576
68	getitem_random	ns_per_op	93	ring	0.814270802588879
68	getitem_random	ns_per_op	93	array	0.7032454724807162
69	append_popleft_steady	ns_per_op	1132	ring	1.0777740472270958
69	append_popleft_steady	ns_per_op	1132	array	0.9748294662454084
70	getitem_random	ns_per_op	58202	ring	0.048658511718943774
70	getitem_random	ns_per_op	58202	array	0.04494929459364854
71	getitem_random	ns_per_op	232	ring	0.7900238210048197
71	getitem_random	ns_per_op	232	array	0.6717281542886979
72	append_latency	max_ns	102	ring	1.3498871331828441
72	append_latency	max_ns	102	array	1.0857787810383748
72	append_latency	p50_ns	102	ring	0.676056338028169
72	append_latency	p50_ns	102	array	0.647887323943662
72	append_latency	p999_ns	102	ring	1.3498871331828441
72	append_latency	p999_ns	102	array	1.0857787810383748
72	append_latency	p99_ns	102	ring	0.7546468401486989
72	append_latency	p99_ns	102	array	1.237918215613383
73	getitem_random	ns_per_op	611486	ring	0.004946867026143182
73	getitem_random	ns_per_op	611486	array	0.004644598595776081
74	append_popleft_steady	ns_per_op	2324	ring	1.0693287405668066
74	append_popleft_steady	ns_per_op	2324	array	0.9839025589482272
75	append_popleft_steady	ns_per_op	860	ring	1.0622955090273718
75	append_popleft_steady	ns_per_op	860	array	0.9752646848016259
76	append_only	ns_per_op	65	ring	1.1711836810181517
76	append_only	ns_per_op	65	array	1.0667339300457745
77	append_popleft_steady	ns_per_op	141342	ring	1.0769210887260747
77	append_popleft_steady	ns_per_op	141342	array	1.0096374914725283
78	append_latency	max_ns	4	ring	2.3644444444444446
78	append_latency	max_ns	4	array	1.3511111111111112
78	append_latency	p50_ns	4	ring	0.9565217391304348
78	append_latency	p50_ns	4	array	0.893719806763285
78	append_latency	p999_ns	4	ring	2.3644444444444446
78	append_latency	p999_ns	4	array	1.3511111111111112
78	append_latency	p99_ns	4	ring	2.3644444444444446
78	append_latency	p99_ns	4	array	1.3511111111111112
79	append_popleft_steady	ns_per_op	251186	ring	1.0523358619602599
79	append_popleft_steady	ns_per_op	251186	array	0.9849881931406493
80	append_latency	max_ns	5	ring	2.478102189781022
80	append_latency	max_ns	5	array	1.3722627737226278
80	append_latency	p50_ns	5	ring	1.43
80	append_latency	p50_ns	5	array	2.64
80	append_latency	p999_ns	5	ring	2.478102189781022
80	append_latency	p999_ns	5	array	1.3722627737226278
80	append_latency	p99_ns	5	ring	2.478102189781022
80	append_latency	p99_ns	5	array	1.3722627737226278
81	append_latency	max_ns	15197	ring	7.773663624511082
81	append_latency	max_ns	15197	array	13.911603650586702
81	append_latency	p50_ns	15197	ring	1.0217391304347827
81	append_latency	p50_ns	15197	array	1.6304347826086956
81	append_latency	p999_ns	15197	ring	1.0498783454987834
81	append_latency	p999_ns	15197	array	1.4951338199513382
81	append_latency	p99_ns	15197	ring	0.9594594594594594
81	append_latency	p99_ns	15197	array	1.1756756756756757
82	steady_maxlen_latency	max_ns	165186	ring	0.8790473860207161
82	steady_maxlen_latency	max_ns	165186	array	14.025324198678737
82	steady_maxlen_latency	p50_ns	165186	ring	0.9807692307692307
82	steady_maxlen_latency	p50_ns	165186	array	0.9615384615384616
82	steady_maxlen_latency	p999_ns	165186	ring	0.8967391304347826
82	steady_maxlen_latency	p999_ns	165186	array	3.5706521739130435
82	steady_maxlen_latency	p99_ns	165186	ring	0.9411764705882353
82	steady_maxlen_latency	p99_ns	165186	array	0.9852941176470589
83	append_only	ns_per_op	4	ring	0.9687916069445609
83	append_only	ns_per_op	4	array	0.8989721245072871
84	append_only	ns_per_op	10	ring	1.0739434057041777
84	append_only	ns_per_op	10	array	1.0498011937965634
85	append_popleft_steady	ns_per_op	89	ring	1.1947020167968585
85	append_popleft_steady	ns_per_op	89	array	1.0078725577077614
86	append_latency	max_ns	1	ring	1.8864468864468864
86	append_latency	max_ns	1	array	1.2087912087912087
86	append_latency	p50_ns	1	ring	1.8864468864468864
86	append_latency	p50_ns	1	array	1.2087912087912087
86	append_latency	p999_ns	1	ring	1.8864468864468864
86	append_latency	p999_ns	1	array	1.2087912087912087
86	append_latency	p99_ns	1	ring	1.8864468864468864
86	append_latency	p99_ns	1	array	1.2087912087912087
87	append_popleft_steady	ns_per_op	64156	ring	1.0566301644996876
87	append_popleft_steady	ns_per_op	64156	array	0.9824149472218167
88	append_latency	max_ns	246	ring	0.16310236669518108
88	append_latency	max_ns	246	array	0.0861134873110921
88	append_latency	p50_ns	246	ring	0.6956521739130435
88	append_latency	p50_ns	246	array	0.6521739130434783
88	append_latency	p999_ns	246	ring	0.16310236669518108
88	append_latency	p999_ns	246	array	0.0861134873110921
88	append_latency	p99_ns	246	ring	0.5903614457831325
88	append_latency	p99_ns	246	array	0.7590361445783133
89	append_only	ns_per_op	127474	ring	1.3040965503776683
89	append_only	ns_per_op	127474	array	1.1971792505459542
90	append_latency	max_ns	39612	ring	17.491354143274197
90	append_latency	max_ns	39612	array	41.50056141926791
90	append_latency	p50_ns	39612	ring	0.7027027027027027
90	append_latency	p50_ns	39612	array	0.9459459459459459
90	append_latency	p999_ns	39612	ring	0.8554533508541393
90	append_latency	p999_ns	39612	array	2.1839684625492772
90	append_latency	p99_ns	39612	ring	0.8431372549019608
90	append_latency	p99_ns	39612	array	0.8529411764705882
91	getitem_random	ns_per_op	233746	ring	0.004575832992273634
91	getitem_random	ns_per_op	233746	array	0.004117590808264962
92	getitem_random	ns_per_op	4678	ring	0.5795479503804766
92	getitem_random	ns_per_op	4678	array	0.514246796997916
93	append_latency	max_ns	22	ring	2.292887029288703
93	append_latency	max_ns	22	array	1.2510460251046025
93	append_latency	p50_ns	22	ring	1.2391304347826086
93	append_latency	p50_ns	22	array	1.2173913043478262
93	append_latency	p999_ns	22	ring	2.292887029288703
93	append_latency	p999_ns	22	array	1.2510460251046025
93	append_latency	p99_ns	22	ring	2.292887029288703
93	append_latency	p99_ns	22	array	1.2510460251046025
94	append_latency	max_ns	2377	ring	3.8605341246290803
94	append_latency	max_ns	2377	array	4.492581602373887
94	append_latency	p50_ns	2377	ring	1.0212765957446808
94	append_latency	p50_ns	2377	array	1.4680851063829787
94	append_latency	p999_ns	2377	ring	2.2246376811594204
94	append_latency	p999_ns	2377	array	2.898550724637681
94	append_latency	p99_ns	2377	ring	1.7088607594936709
94	append_latency	p99_ns	2377	array	1.2531645569620253
95	append_only	ns_per_op	31349	ring	1.3583242963700402
95	append_only	ns_per_op	31349	array	1.184615616273587
96	getitem_random	ns_per_op	193	ring	0.8140686318026843
96	getitem_random	ns_per_op	193	array	0.6906426578359324
97	getitem_random	ns_per_op	9841	ring	0.33563105276891353
97	getitem_random	ns_per_op	9841	array	0.29936148595135387
98	append_latency	max_ns	273807	ring	6.336419358957987
98	append_latency	max_ns	273807	array	5.661654535393521
98	append_latency	p50_ns	273807	ring	1.0
98	append_latency	p50_ns	273807	array	1.0
98	append_latency	p999_ns	273807	ring	0.6870324189526185
98	append_latency	p999_ns	273807	array	0.9039900249376559
98	append_latency	p99_ns	273807	ring	0.918918918918919
98	append_latency	p99_ns	273807	array	0.918918918918919
99	steady_maxlen_latency	max_ns	5	ring	0.11777076761303891
99	steady_maxlen_latency	max_ns	5	array	0.7259025587101297
99	steady_maxlen_latency	p50_ns	5	ring	1.0425531914893618
99	steady_maxlen_latency	p50_ns	5	array	1.0851063829787233
99	steady_maxlen_latency	p999_ns	5	ring	0.9102564102564102
99	steady_maxlen_latency	p999_ns	5	array	1.064102564102564
99	steady_maxlen_latency	p99_ns	5	ring	1.0357142857142858
99	steady_maxlen_latency	p99_ns	5	array	1.3214285714285714
100	steady_maxlen_latency	max_ns	51827	ring	1.029275092936803
100	steady_maxlen_latency	max_ns	51827	array	58.74814126394052
100	steady_maxlen_latency	p50_ns	51827	ring	1.0204081632653061
100	steady_maxlen_latency	p50_ns	51827	array	1.0
100	steady_maxlen_latency	p999_ns	51827	ring	0.8544303797468354
100	steady_maxlen_latency	p999_ns	51827	array	4.151898734177215
100	steady_maxlen_latency	p99_ns	51827	ring	1.125
100	steady_maxlen_latency	p99_ns	51827	array	1.046875
101	append_popleft_steady	ns_per_op	44	ring	1.037079496230113
101	append_popleft_steady	ns_per_op	44	array	1.0520678719851138
102	steady_maxlen_latency	max_ns	5648	ring	1.320967741935484
102	steady_maxlen_latency	max_ns	5648	array	12.691397849462366
102	steady_maxlen_latency	p50_ns	5648	ring	0.9411764705882353
102	steady_maxlen_latency	p50_ns	5648	array	0.9607843137254902
102	steady_maxlen_latency	p999_ns	5648	ring	0.7391304347826086
102	steady_maxlen_latency	p999_ns	5648	array	8.945652173913043
102	steady_maxlen_latency	p99_ns	5648	ring	0.85
102	steady_maxlen_latency	p99_ns	5648	array	1.1
103	steady_maxlen_latency	max_ns	2263	ring	0.19178885630498535
103	steady_maxlen_latency	max_ns	2263	array	3.9607038123167158
103	steady_maxlen_latency	p50_ns	2263	ring	1.0
103	steady_maxlen_latency	p50_ns	2263	array	1.0
103	steady_maxlen_latency	p999_ns	2263	ring	0.7474747474747475
103	steady_maxlen_latency	p999_ns	2263	array	4.292929292929293
103	steady_maxlen_latency	p99_ns	2263	ring	0.8833333333333333
103	steady_maxlen_latency	p99_ns	2263	array	0.9166666666666666
104	getitem_random	ns_per_op	205866	ring	0.00587040950231864
104	getitem_random	ns_per_op	205866	array	0.006046147014314505
105	getitem_random	ns_per_op	13	ring	0.867525648373525
105	getitem_random	ns_per_op	13	array	0.72820689079345
106	append_only	ns_per_op	2821	ring	1.1209065033386312
106	append_only	ns_per_op	2821	array	0.9736752071732399
107	append_only	ns_per_op	41	ring	1.1381285884508903
107	append_only	ns_per_op	41	array	1.005901005946014
108	steady_maxlen_latency	max_ns	2	ring	1.2750952986022872
108	steady_maxlen_latency	max_ns	2	array	1.6918678526048285
108	steady_maxlen_latency	p50_ns	2	ring	1.0204081632653061
108	steady_maxlen_latency	p50_ns	2	array	1.0612244897959184
108	steady_maxlen_latency	p999_ns	2	ring	1.12987012987013
108	steady_maxlen_latency	p999_ns	2	array	0.974025974025974
108	steady_maxlen_latency	p99_ns	2	ring	0.896551724137931
108	steady_maxlen_latency	p99_ns	2	array	1.2413793103448276
109	getitem_random	ns_per_op	16	ring	0.8389295917318702
109	getitem_random	ns_per_op	16	array	0.7146820625425513
110	steady_maxlen_latency	max_ns	20	ring	1.0226773957571325
110	steady_maxlen_latency	max_ns	20	array	0.6141185076810534
110	steady_maxlen_latency	p50_ns	20	ring	0.6578947368421053
110	steady_maxlen_latency	p50_ns	20	array	0.631578947368421
110	steady_maxlen_latency	p999_ns	20	ring	0.578125
110	steady_maxlen_latency	p999_ns	20	array	0.6640625
110	steady_maxlen_latency	p99_ns	20	ring	0.686046511627907
110	steady_maxlen_latency	p99_ns	20	array	0.872093023255814
111	append_only	ns_per_op	34895	ring	1.2432629737765046
111	append_only	ns_per_op	34895	array	0.9285537439439888
112	append_popleft_steady	ns_per_op	7842	ring	1.0556266848962401
112	append_popleft_steady	ns_per_op	7842	array	0.9802645089992097
113	steady_maxlen_latency	max_ns	71730	ring	1.368172268907563
113	steady_maxlen_latency	max_ns	71730	array	74.66018907563026
113	steady_maxlen_latency	p50_ns	71730	ring	1.0196078431372548
113	steady_maxlen_latency	p50_ns	71730	array	1.0
113	steady_maxlen_latency	p999_ns	71730	ring	0.5511811023622047
113	steady_maxlen_latency	p999_ns	71730	array	4.393700787401575
113	steady_maxlen_latency	p99_ns	71730	ring	1.032258064516129
113	steady_maxlen_latency	p99_ns	71730	array	1.1290322580645162
114	append_latency	max_ns	119017	ring	25.35655037814101
114	append_latency	max_ns	119017	array	21.59124176628446
114	append_latency	p50_ns	119017	ring	1.0217391304347827
114	append_latency	p50_ns	119017	array	1.0217391304347827
114	append_latency	p999_ns	119017	ring	0.8451178451178452
114	append_latency	p999_ns	119017	array	0.9461279461279462
114	append_latency	p99_ns	119017	ring	0.8666666666666667
114	append_latency	p99_ns	119017	array	0.8933333333333333
115	append_latency	max_ns	791	ring	2.7606177606177607
115	append_latency	max_ns	791	array	0.9613899613899614
115	append_latency	p50_ns	791	ring	1.5208333333333333
115	append_latency	p50_ns	791	array	0.9791666666666666
115	append_latency	p999_ns	791	ring	2.7606177606177607
115	append_latency	p999_ns	791	array	0.9613899613899614
115	append_latency	p99_ns	791	ring	2.978723404255319
115	append_latency	p99_ns	791	array	1.5212765957446808
116	steady_maxlen_latency	max_ns	592393	ring	0.5916442662535879
116	steady_maxlen_latency	max_ns	592393	array	31.314980181329446
116	steady_maxlen_latency	p50_ns	592393	ring	1.0208333333333333
116	steady_maxlen_latency	p50_ns	592393	array	1.0
116	steady_maxlen_latency	p999_ns	592393	ring	0.8918918918918919
116	steady_maxlen_latency	p999_ns	592393	array	4.108108108108108
116	steady_maxlen_latency	p99_ns	592393	ring	0.5371900826446281
116	steady_maxlen_latency	p99_ns	592393	array	0.7272727272727273
117	steady_maxlen_latency	max_ns	11385	ring	2.08765195137556
117	steady_maxlen_latency	max_ns	11385	array	16.452975047984644
117	steady_maxlen_latency	p50_ns	11385	ring	1.0
117	steady_maxlen_latency	p50_ns	11385	array	1.0408163265306123
117	steady_maxlen_latency	p999_ns	11385	ring	0.9838709677419355
117	steady_maxlen_latency	p999_ns	11385	array	4.201612903225806
117	steady_maxlen_latency	p99_ns	11385	ring	0.9
117	steady_maxlen_latency	p99_ns	11385	array	1.1
118	append_popleft_steady	ns_per_op	81	ring	1.0649798146966736
118	append_popleft_steady	ns_per_op	81	array	1.026593182178714
119	append_popleft_steady	ns_per_op	6487	ring	1.0631432621695318
119	append_popleft_steady	ns_per_op	6487	array	0.97631324509104
120	append_popleft_steady	ns_per_op	216	ring	1.0686817874056607
120	append_popleft_steady	ns_per_op	216	array	0.9910858304905892
121	getitem_random	ns_per_op	62	ring	0.8015338050599939
121	getitem_random	ns_per_op	62	array	0.679555856965608
122	steady_maxlen_latency	max_ns	108	ring	0.22500858811405017
122	steady_maxlen_latency	max_ns	108	array	0.5977327378907592
122	steady_maxlen_latency	p50_ns	108	ring	1.04
122	steady_maxlen_latency	p50_ns	108	array	1.0
122	steady_maxlen_latency	p999_ns	108	ring	0.6936936936936937
122	steady_maxlen_latency	p999_ns	108	array	1.018018018018018
122	steady_maxlen_latency	p99_ns	108	ring	0.8923076923076924
122	steady_maxlen_latency	p99_ns	108	array	1.4923076923076923
123	append_popleft_steady	ns_per_op	9	ring	1.1504745990510377
123	append_popleft_steady	ns_per_op	9	array	1.0354995002383254
124	append_popleft_steady	ns_per_op	39	ring	1.0748717479216108
124	append_popleft_steady	ns_per_op	39	array	1.0336796053006432
125	append_popleft_steady	ns_per_op	5	ring	1.0699255660854214
125	append_popleft_steady	ns_per_op	5	array	1.0959872196644573
126	getitem_random	ns_per_op	16	ring	0.8385961058352949
126	getitem_random	ns_per_op	16	array	0.7098221551758803
127	append_only	ns_per_op	324	ring	1.3083929673484098
127	append_only	ns_per_op	324	array	1.051279926139956
128	append_only	ns_per_op	40149	ring	1.2188126478781545
128	append_only	ns_per_op	40149	array	0.9194577658849243
129	steady_maxlen_latency	max_ns	25511	ring	0.22995400919816036
129	steady_maxlen_latency	max_ns	25511	array	4.40381923615277
129	steady_maxlen_latency	p50_ns	25511	ring	0.6944444444444444
129	steady_maxlen_latency	p50_ns	25511	array	0.6666666666666666
129	steady_maxlen_latency	p999_ns	25511	ring	0.7777777777777778
129	steady_maxlen_latency	p999_ns	25511	array	5.7444444444444445
129	steady_maxlen_latency	p99_ns	25511	ring	0.7590361445783133
129	steady_maxlen_latency	p99_ns	25511	array	0.7590361445783133
130	getitem_random	ns_per_op	13	ring	0.8489265671020573
130	getitem_random	ns_per_op	13	array	0.7228472426118306
131	append_popleft_steady	ns_per_op	4173	ring	1.0486237793800521
131	append_popleft_steady	ns_per_op	4173	array	0.9716046844221548
132	getitem_random	ns_per_op	2143	ring	0.8079343427205534
132	getitem_random	ns_per_op	2143	array	0.718260864939475
133	getitem_random	ns_per_op	7	ring	0.8960184047634819
133	getitem_random	ns_per_op	7	array	0.7591232721888844
134	append_latency	max_ns	102	ring	1.4027397260273973
134	append_latency	max_ns	102	array	1.336986301369863
134	append_latency	p50_ns	102	ring	0.6571428571428571
134	append_latency	p50_ns	102	array	0.6714285714285714
134	append_latency	p999_ns	102	ring	1.4027397260273973
134	append_latency	p999_ns	102	array	1.336986301369863
134	append_latency	p99_ns	102	ring	1.253393665158371
134	append_latency	p99_ns	102	array	1.3936651583710407
135	append_only	ns_per_op	11438	ring	1.2230145778175054
135	append_only	ns_per_op	11438	array	1.0854242252930864
136	steady_maxlen_latency	max_ns	179501	ring	0.11629146676507976
136	steady_maxlen_latency	max_ns	179501	array	17.148152704309673
136	steady_maxlen_latency	p50_ns	179501	ring	1.0416666666666667
136	steady_maxlen_latency	p50_ns	179501	array	1.0416666666666667
136	steady_maxlen_latency	p999_ns	179501	ring	0.8743961352657005
136	steady_maxlen_latency	p999_ns	179501	array	3.463768115942029
136	steady_maxlen_latency	p99_ns	179501	ring	0.9411764705882353
136	steady_maxlen_latency	p99_ns	179501	array	1.0
137	append_popleft_steady	ns_per_op	745516	ring	1.100703047785657
137	append_popleft_steady	ns_per_op	745516	array	1.0708769146248722
138	append_only	ns_per_op	2	ring	0.9831015655406976
138	append_only	ns_per_op	2	array	0.8912812220653622
139	getitem_random	ns_per_op	5419	ring	0.5165122893790967
139	getitem_random	ns_per_op	5419	array	0.46259931264516235
140	getitem_random	ns_per_op	35	ring	0.8057955658196871
140	getitem_random	ns_per_op	35	array	0.6847414720351132
141	append_latency	max_ns	2376	ring	8.183333333333334
141	append_latency	max_ns	2376	array	5.283333333333333
141	append_latency	p50_ns	2376	ring	0.9791666666666666
141	append_latency	p50_ns	2376	array	0.9375
141	append_latency	p999_ns	2376	ring	2.1951219512195124
141	append_latency	p999_ns	2376	array	2.0853658536585367
141	append_latency	p99_ns	2376	ring	1.7402597402597402
141	append_latency	p99_ns	2376	array	1.103896103896104
142	steady_maxlen_latency	max_ns	7037	ring	0.7069383794274624
142	steady_maxlen_latency	max_ns	7037	array	7.671033478893741
142	steady_maxlen_latency	p50_ns	7037	ring	1.0208333333333333
142	steady_maxlen_latency	p50_ns	7037	array	1.0208333333333333
142	steady_maxlen_latency	p999_ns	7037	ring	2.0963855421686746
142	steady_maxlen_latency	p999_ns	7037	array	6.506024096385542
142	steady_maxlen_latency	p99_ns	7037	ring	0.896551724137931
142	steady_maxlen_latency	p99_ns	7037	array	0.9655172413793104
143	append_latency	max_ns	53	ring	2.236514522821577
143	append_latency	max_ns	53	array	1.3568464730290457
143	append_latency	p50_ns	53	ring	1.0869565217391304
143	append_latency	p50_ns	53	array	0.9565217391304348
143	append_latency	p999_ns	53	ring	2.236514522821577
143	append_latency	p999_ns	53	array	1.3568464730290457
143	append_latency	p99_ns	53	ring	2.236514522821577
143	append_latency	p99_ns	53	array	1.3568464730290457
144	append_latency	max_ns	9485	ring	13.849502487562189
144	append_latency	max_ns	9485	array	19.75
144	append_latency	p50_ns	9485	ring	1.0
144	append_latency	p50_ns	9485	array	1.0425531914893618
144	append_latency	p999_ns	9485	ring	4.104575163398692
144	append_latency	p999_ns	9485	array	4.915032679738562
144	append_latency	p99_ns	9485	ring	1.0740740740740742
144	append_latency	p99_ns	9485	array	0.8888888888888888
145	append_latency	max_ns	20018	ring	12.533774834437086
145	append_latency	max_ns	20018	array	10.135761589403973
145	append_latency	p50_ns	20018	ring	1.0
145	append_latency	p50_ns	20018	array	1.0
145	append_latency	p999_ns	20018	ring	1.3016270337922402
145	append_latency	p999_ns	20018	array	1.016270337922403
145	append_latency	p99_ns	20018	ring	0.9342105263157895
145	append_latency	p99_ns	20018	array	1.0263157894736843
146	append_only	ns_per_op	1	ring	0.9568055040448514
146	append_only	ns_per_op	1	array	0.8931680592624951
147	steady_maxlen_latency	max_ns	210	ring	2.3958068614993646
147	steady_maxlen_latency	max_ns	210	array	1.752858958068615
147	steady_maxlen_latency	p50_ns	210	ring	0.9615384615384616
147	steady_maxlen_latency	p50_ns	210	array	0.9615384615384616
147	steady_maxlen_latency	p999_ns	210	ring	1.2857142857142858
147	steady_maxlen_latency	p999_ns	210	array	1.7261904761904763
147	steady_maxlen_latency	p99_ns	210	ring	1.1
147	steady_maxlen_latency	p99_ns	210	array	1.7166666666666666
148	append_only	ns_per_op	33667	ring	1.266930345488316
148	append_only	ns_per_op	33667	array	0.9385808998072357
149	append_latency	max_ns	19404	ring	10.911389236545682
149	append_latency	max_ns	19404	array	9.749436795994994
149	append_latency	p50_ns	19404	ring	0.9583333333333334
149	append_latency	p50_ns	19404	array	1.0
149	append_latency	p999_ns	19404	ring	1.049425287356322
149	append_latency	p999_ns	19404	array	1.085057471264368
149	append_latency	p99_ns	19404	ring	0.9605263157894737
149	append_latency	p99_ns	19404	array	0.9473684210526315
150	append_popleft_steady	ns_per_op	134	ring	1.0695047420848243
150	append_popleft_steady	ns_per_op	134	array	1.0197273476616247
151	append_only	ns_per_op	11322	ring	1.2293411170439767
151	append_only	ns_per_op	11322	array	1.091383680560536
152	append_only	ns_per_op	267182	ring	1.2648147309868547
152	append_only	ns_per_op	267182	array	0.9589117185811346
153	append_only	ns_per_op	389	ring	1.2755764473137308
153	append_only	ns_per_op	389	array	1.0384445616413043
154	append_latency	max_ns	21735	ring	23.316011235955056
154	append_latency	max_ns	21735	array	17.849719101123597
154	append_latency	p50_ns	21735	ring	1.0212765957446808
154	append_latency	p50_ns	21735	array	1.0
154	append_latency	p999_ns	21735	ring	1.265717674970344
154	append_latency	p999_ns	21735	array	1.1387900355871887
154	append_latency	p99_ns	21735	ring	1.04
154	append_latency	p99_ns	21735	array	0.9733333333333334
155	append_latency	max_ns	44	ring	2.331967213114754
155	append_latency	max_ns	44	array	1.4467213114754098
155	append_latency	p50_ns	44	ring	1.0909090909090908
155	append_latency	p50_ns	44	array	1.0681818181818181
155	append_latency	p999_ns	44	ring	2.331967213114754
155	append_latency	p999_ns	44	array	1.4467213114754098
155	append_latency	p99_ns	44	ring	2.331967213114754
155	append_latency	p99_ns	44	array	1.4467213114754098
156	steady_maxlen_latency	max_ns	53519	ring	8.607849829351537
156	steady_maxlen_latency	max_ns	53519	array	62.071331058020476
156	steady_maxlen_latency	p50_ns	53519	ring	1.0416666666666667
156	steady_maxlen_latency	p50_ns	53519	array	1.0208333333333333
156	steady_maxlen_latency	p999_ns	53519	ring	1.5784313725490196
156	steady_maxlen_latency	p999_ns	53519	array	6.2745098039215685
156	steady_maxlen_latency	p99_ns	53519	ring	1.0
156	steady_maxlen_latency	p99_ns	53519	array	1.1833333333333333
157	append_popleft_steady	ns_per_op	179	ring	2.1499770817306687
157	append_popleft_steady	ns_per_op	179	array	0.9907203262795379
158	append_popleft_steady	ns_per_op	25991	ring	1.1059958545133106
158	append_popleft_steady	ns_per_op	25991	array	0.9869901157333504
159	steady_maxlen_latency	max_ns	2354	ring	0.1856
159	steady_maxlen_latency	max_ns	2354	array	3.1765333333333334
159	steady_maxlen_latency	p50_ns	2354	ring	1.0
159	steady_maxlen_latency	p50_ns	2354	array	1.0
159	steady_maxlen_latency	p999_ns	2354	ring	0.75
159	steady_maxlen_latency	p999_ns	2354	array	4.019230769230769
159	steady_maxlen_latency	p99_ns	2354	ring	0.9
159	steady_maxlen_latency	p99_ns	2354	array	1.0333333333333334
160	append_latency	max_ns	64	ring	3.2320675105485233
160	append_latency	max_ns	64	array	1.270042194092827
160	append_latency	p50_ns	64	ring	1.0444444444444445
160	append_latency	p50_ns	64	array	1.0
160	append_latency	p999_ns	64	ring	3.2320675105485233
160	append_latency	p999_ns	64	array	1.270042194092827
160	append_latency	p99_ns	64	ring	3.2320675105485233
160	append_latency	p99_ns	64	array	1.270042194092827
161	steady_maxlen_latency	max_ns	562533	ring	1.022708125909474
161	steady_maxlen_latency	max_ns	562533	array	46.25281458221644
161	steady_maxlen_latency	p50_ns	562533	ring	1.0416666666666667
161	steady_maxlen_latency	p50_ns	562533	array	1.0416666666666667
161	steady_maxlen_latency	p999_ns	562533	ring	0.9879518072289156
161	steady_maxlen_latency	p999_ns	562533	array	4.554216867469879
161	steady_maxlen_latency	p99_ns	562533	ring	1.0317460317460319
161	steady_maxlen_latency	p99_ns	562533	array	1.0634920634920635
162	append_latency	max_ns	26	ring	1.3621867881548975
162	append_latency	max_ns	26	array	0.8200455580865603
162	append_latency	p50_ns	26	ring	0.6533333333333333
162	append_latency	p50_ns	26	array	0.7466666666666667
162	append_latency	p999_ns	26	ring	1.3621867881548975
162	append_latency	p999_ns	26	array	0.8200455580865603
162	append_latency	p99_ns	26	ring	1.3621867881548975
162	append_latency	p99_ns	26	array	0.8200455580865603
163	append_only	ns_per_op	713	ring	1.2072345097567723
163	append_only	ns_per_op	713	array	1.0281727659222206
164	steady_maxlen_latency	max_ns	67129	ring	0.4202505219206681
164	steady_maxlen_latency	max_ns	67129	array	35.078705636743216
164	steady_maxlen_latency	p50_ns	67129	ring	1.0416666666666667
164	steady_maxlen_latency	p50_ns	67129	array	1.0625
164	steady_maxlen_latency	p999_ns	67129	ring	0.5208333333333334
164	steady_maxlen_latency	p999_ns	67129	array	3.8958333333333335
164	steady_maxlen_latency	p99_ns	67129	ring	1.0508474576271187
164	steady_maxlen_latency	p99_ns	67129	array	1.1694915254237288
165	getitem_random	ns_per_op	26	ring	0.8262745322323712
165	getitem_random	ns_per_op	26	array	0.6986666760857091
166	append_popleft_steady	ns_per_op	143728	ring	1.060804458251226
166	append_popleft_steady	ns_per_op	143728	array	1.008922827506945
167	append_only	ns_per_op	181303	ring	1.288499638806002
167	append_only	ns_per_op	181303	array	1.1636036444590843
168	getitem_random	ns_per_op	34	ring	0.8215878180892938
168	getitem_random	ns_per_op	34	array	0.6990299801979293
169	steady_maxlen_latency	max_ns	20704	ring	0.4404411476117587
169	steady_maxlen_latency	max_ns	20704	array	1.6883708151811296
169	steady_maxlen_latency	p50_ns	20704	ring	1.02
169	steady_maxlen_latency	p50_ns	20704	array	0.98
169	steady_maxlen_latency	p999_ns	20704	ring	0.975
169	steady_maxlen_latency	p999_ns	20704	array	2.84
169	steady_maxlen_latency	p99_ns	20704	ring	0.881578947368421
169	steady_maxlen_latency	p99_ns	20704	array	0.9342105263157895
170	getitem_random	ns_per_op	8	ring	0.8907449000741903
170	getitem_random	ns_per_op	8	array	0.7515890053676716
171	append_popleft_steady	ns_per_op	3044	ring	1.062744596483923
171	append_popleft_steady	ns_per_op	3044	array	0.9760254961813701
172	steady_maxlen_latency	max_ns	940249	ring	1.2657055745850114
172	steady_maxlen_latency	max_ns	940249	array	78.3734332066097
172	steady_maxlen_latency	p50_ns	940249	ring	1.0204081632653061
172	steady_maxlen_latency	p50_ns	940249	array	1.0204081632653061
172	steady_maxlen_latency	p999_ns	940249	ring	0.8522167487684729
172	steady_maxlen_latency	p999_ns	940249	array	3.9310344827586206
172	steady_maxlen_latency	p99_ns	940249	ring	1.2941176470588236
172	steady_maxlen_latency	p99_ns	940249	array	1.088235294117647
173	append_popleft_steady	ns_per_op	818519	ring	0.9568130444572163
173	append_popleft_steady	ns_per_op	818519	array	0.9277055710898603
174	steady_maxlen_latency	max_ns	86	ring	0.19266963843486876
174	steady_maxlen_latency	max_ns	86	array	1.7865279841505697
174	steady_maxlen_latency	p50_ns	86	ring	0.9803921568627451
174	steady_maxlen_latency	p50_ns	86	array	0.9803921568627451
174	steady_maxlen_latency	p999_ns	86	ring	0.9375
174	steady_maxlen_latency	p999_ns	86	array	1.6625
174	steady_maxlen_latency	p99_ns	86	ring	0.9666666666666667
174	steady_maxlen_latency	p99_ns	86	array	1.5833333333333333
175	steady_maxlen_latency	max_ns	18334	ring	0.37967775467775466
175	steady_maxlen_latency	max_ns	18334	array	9.644490644490645
175	steady_maxlen_latency	p50_ns	18334	ring	0.9230769230769231
175	steady_maxlen_latency	p50_ns	18334	array	0.9230769230769231
175	steady_maxlen_latency	p999_ns	18334	ring	0.9565217391304348
175	steady_maxlen_latency	p999_ns	18334	array	3.4472049689440993
175	steady_maxlen_latency	p99_ns	18334	ring	0.9682539682539683
175	steady_maxlen_latency	p99_ns	18334	array	1.0
176	append_latency	max_ns	31	ring	1.9732441471571907
176	append_latency	max_ns	31	array	1.5016722408026757
176	append_latency	p50_ns	31	ring	1.0
176	append_latency	p50_ns	31	array	0.9782608695652174
176	append_latency	p999_ns	31	ring	1.9732441471571907
176	append_latency	p999_ns	31	array	1.5016722408026757
176	append_latency	p99_ns	31	ring	1.9732441471571907
176	append_latency	p99_ns	31	array	1.5016722408026757
177	append_popleft_steady	ns_per_op	8909	ring	1.0494482445245725
177	append_popleft_steady	ns_per_op	8909	array	0.9613619008163048
178	steady_maxlen_latency	max_ns	123071	ring	1.072408536585366
178	steady_maxlen_latency	max_ns	123071	array	127.02743902439025
178	steady_maxlen_latency	p50_ns	123071	ring	1.0416666666666667
178	steady_maxlen_latency	p50_ns	123071	array	1.0208333333333333
178	steady_maxlen_latency	p999_ns	123071	ring	1.0740740740740742
178	steady_maxlen_latency	p999_ns	123071	array	4.425925925925926
178	steady_maxlen_latency	p99_ns	123071	ring	1.0819672131147542
178	steady_maxlen_latency	p99_ns	123071	array	1.1311475409836065
179	steady_maxlen_latency	max_ns	253	ring	0.10331325301204819
179	steady_maxlen_latency	max_ns	253	array	1.1716867469879517
179	steady_maxlen_latency	p50_ns	253	ring	1.02
179	steady_maxlen_latency	p50_ns	253	array	1.02
179	steady_maxlen_latency	p999_ns	253	ring	0.8165137614678899
179	steady_maxlen_latency	p999_ns	253	array	1.688073394495413
179	steady_maxlen_latency	p99_ns	253	ring	0.835820895522388
179	steady_maxlen_latency	p99_ns	253	array	1.0298507462686568
180	steady_maxlen_latency	max_ns	406558	ring	0.9480192437795986
180	steady_maxlen_latency	max_ns	406558	array	34.42847478012478
180	steady_maxlen_latency	p50_ns	406558	ring	1.0416666666666667
180	steady_maxlen_latency	p50_ns	406558	array	1.125
180	steady_maxlen_latency	p999_ns	406558	ring	0.7635467980295566
180	steady_maxlen_latency	p999_ns	406558	array	3.8275862068965516
180	steady_maxlen_latency	p99_ns	406558	ring	0.821917808219178
180	steady_maxlen_latency	p99_ns	406558	array	1.0
181	append_popleft_steady	ns_per_op	667	ring	1.0773915044738902
181	append_popleft_steady	ns_per_op	667	array	0.98096479516304
182	append_only	ns_per_op	54940	ring	1.235520425747938
182	append_only	ns_per_op	54940	array	0.9151822925755126
183	append_latency	max_ns	7539	ring	2.4773478514485707
183	append_latency	max_ns	7539	array	3.101886058720591
183	append_latency	p50_ns	7539	ring	0.9791666666666666
183	append_latency	p50_ns	7539	array	0.9375
183	append_latency	p999_ns	7539	ring	5.908450704225352
183	append_latency	p999_ns	7539	array	6.570422535211268
183	append_latency	p99_ns	7539	ring	1.0731707317073171
183	append_latency	p99_ns	7539	array	0.8536585365853658
184	append_popleft_steady	ns_per_op	117869	ring	1.090062240309101
184	append_popleft_steady	ns_per_op	117869	array	1.016335662679601
185	append_latency	max_ns	5977	ring	12.45360824742268
185	append_latency	max_ns	5977	array	5.960051546391752
185	append_latency	p50_ns	5977	ring	0.96
185	append_latency	p50_ns	5977	array	0.94
185	append_latency	p999_ns	5977	ring	4.8389261744966445
185	append_latency	p999_ns	5977	array	5.516778523489933
185	append_latency	p99_ns	5977	ring	1.0731707317073171
185	append_latency	p99_ns	5977	array	0.8780487804878049
186	append_popleft_steady	ns_per_op	14	ring	1.0948507040286408
186	append_popleft_steady	ns_per_op	14	array	1.0214856641359995
187	getitem_random	ns_per_op	74945	ring	0.0406070088826073
187	getitem_random	ns_per_op	74945	array	0.03881340126112118
188	append_popleft_steady	ns_per_op	3020	ring	1.055808888417624
188	append_popleft_steady	ns_per_op	3020	array	0.9910023799756841
189	steady_maxlen_latency	max_ns	117	ring	0.9906945074897866
189	steady_maxlen_latency	max_ns	117	array	0.06740807989105765
189	steady_maxlen_latency	p50_ns	117	ring	0.9791666666666666
189	steady_maxlen_latency	p50_ns	117	array	1.0208333333333333
189	steady_maxlen_latency	p999_ns	117	ring	1.0240963855421688
189	steady_maxlen_latency	p999_ns	117	array	1.4578313253012047
189	steady_maxlen_latency	p99_ns	117	ring	1.0689655172413792
189	steady_maxlen_latency	p99_ns	117	array	1.7586206896551724
190	steady_maxlen_latency	max_ns	44861	ring	1.123604931067182
190	steady_maxlen_latency	max_ns	44861	array	1.6466737179954773
190	steady_maxlen_latency	p50_ns	44861	ring	0.9859154929577465
190	steady_maxlen_latency	p50_ns	44861	array	0.6619718309859155
190	steady_maxlen_latency	p999_ns	44861	ring	1.264
190	steady_maxlen_latency	p999_ns	44861	array	5.392
190	steady_maxlen_latency	p99_ns	44861	ring	0.9252336448598131
190	steady_maxlen_latency	p99_ns	44861	array	0.6355140186915887
191	steady_maxlen_latency	max_ns	66505	ring	5.32875816993464
191	steady_maxlen_latency	max_ns	66505	array	57.4437908496732
191	steady_maxlen_latency	p50_ns	66505	ring	0.9607843137254902
191	steady_maxlen_latency	p50_ns	66505	array	0.9607843137254902
191	steady_maxlen_latency	p999_ns	66505	ring	0.881578947368421
191	steady_maxlen_latency	p999_ns	66505	array	8.881578947368421
191	steady_maxlen_latency	p99_ns	66505	ring	0.9682539682539683
191	steady_maxlen_latency	p99_ns	66505	array	1.0952380952380953
192	append_latency	max_ns	10	ring	2.0396825396825395
192	append_latency	max_ns	10	array	1.4801587301587302
192	append_latency	p50_ns	10	ring	2.0925925925925926
192	append_latency	p50_ns	10	array	1.8888888888888888
192	append_latency	p999_ns	10	ring	2.0396825396825395
192	append_latency	p999_ns	10	array	1.4801587301587302
192	append_latency	p99_ns	10	ring	2.0396825396825395
192	append_latency	p99_ns	10	array	1.4801587301587302
193	append_popleft_steady	ns_per_op	102	ring	1.0599423201836449
193	append_popleft_steady	ns_per_op	102	array	1.0003392372001412
194	append_popleft_steady	ns_per_op	409	ring	1.043162699954058
194	append_popleft_steady	ns_per_op	409	array	0.9547560757900817
195	getitem_random	ns_per_op	4	ring	0.9372975366517178
195	getitem_random	ns_per_op	4	array	0.769716906175193
196	steady_maxlen_latency	max_ns	3179	ring	0.05631210894368789
196	steady_maxlen_latency	max_ns	3179	array	0.23095325726904675
196	steady_maxlen_latency	p50_ns	3179	ring	0.5764705882352941
196	steady_maxlen_latency	p50_ns	3179	array	0.8470588235294118
196	steady_maxlen_latency	p999_ns	3179	ring	0.535483870967742
196	steady_maxlen_latency	p999_ns	3179	array	1.0
196	steady_maxlen_latency	p99_ns	3179	ring	0.5238095238095238
196	steady_maxlen_latency	p99_ns	3179	array	0.7428571428571429
197	getitem_random	ns_per_op	12	ring	0.8450267423956151
197	getitem_random	ns_per_op	12	array	0.7137753285575527
198	steady_maxlen_latency	max_ns	12	ring	0.13743882544861338
198	steady_maxlen_latency	max_ns	12	array	0.14396411092985317
198	steady_maxlen_latency	p50_ns	12	ring	1.0816326530612246
198	steady_maxlen_latency	p50_ns	12	array	1.0408163265306123
198	steady_maxlen_latency	p999_ns	12	ring	1.1818181818181819
198	steady_maxlen_latency	p999_ns	12	array	1.5194805194805194
198	steady_maxlen_latency	p99_ns	12	ring	1.103448275862069
198	steady_maxlen_latency	p99_ns	12	array	1.1724137931034482
199	getitem_random	ns_per_op	9	ring	0.9257552689793548
199	getitem_random	ns_per_op	9	array	0.7804945300263437
200	append_latency	max_ns	94352	ring	3.7717793802377706
200	append_latency	max_ns	94352	array	4.467578027118078
200	append_latency	p50_ns	94352	ring	1.0208333333333333
200	append_latency	p50_ns	94352	array	1.0
200	append_latency	p999_ns	94352	ring	0.6769025367156208
200	append_latency	p999_ns	94352	array	1.0307076101468624
200	append_latency	p99_ns	94352	ring	0.9358974358974359
200	append_latency	p99_ns	94352	array	0.9358974358974359
201	append_latency	max_ns	9931	ring	16.943436499466383
201	append_latency	max_ns	9931	array	13.315901814300961
201	append_latency	p50_ns	9931	ring	1.1666666666666667
201	append_latency	p50_ns	9931	array	0.7121212121212122
201	append_latency	p999_ns	9931	ring	3.3643835616438356
201	append_latency	p999_ns	9931	array	1.7342465753424658
201	append_latency	p99_ns	9931	ring	1.1981132075471699
201	append_latency	p99_ns	9931	array	0.6792452830188679
202	steady_maxlen_latency	max_ns	199	ring	0.32199221151875385
202	steady_maxlen_latency	max_ns	199	array	0.912277105964337
202	steady_maxlen_latency	p50_ns	199	ring	0.5632183908045977
202	steady_maxlen_latency	p50_ns	199	array	0.5747126436781609
202	steady_maxlen_latency	p999_ns	199	ring	0.5032258064516129
202	steady_maxlen_latency	p999_ns	199	array	0.8838709677419355
202	steady_maxlen_latency	p99_ns	199	ring	0.5370370370370371
202	steady_maxlen_latency	p99_ns	199	array	0.9444444444444444
203	append_only	ns_per_op	383	ring	1.3055034923854396
203	append_only	ns_per_op	383	array	1.0422930349565804
204	steady_maxlen_latency	max_ns	30666	ring	0.34760071090047395
204	steady_maxlen_latency	max_ns	30666	array	16.138477488151658
204	steady_maxlen_latency	p50_ns	30666	ring	0.8928571428571429
204	steady_maxlen_latency	p50_ns	30666	array	0.8928571428571429
204	steady_maxlen_latency	p999_ns	30666	ring	0.5307692307692308
204	steady_maxlen_latency	p999_ns	30666	array	4.246153846153846
204	steady_maxlen_latency	p99_ns	30666	ring	0.7625
204	steady_maxlen_latency	p99_ns	30666	array	0.8
205	append_latency	max_ns	3893	ring	1.0330990705055543
205	append_latency	max_ns	3893	array	1.0088415325323057
205	append_latency	p50_ns	3893	ring	0.9574468085106383
205	append_latency	p50_ns	3893	array	0.9574468085106383
205	append_latency	p999_ns	3893	ring	2.3640552995391704
205	append_latency	p999_ns	3893	array	4.741935483870968
205	append_latency	p99_ns	3893	ring	1.3157894736842106
205	append_latency	p99_ns	3893	array	1.013157894736842
206	getitem_random	ns_per_op	63	ring	0.7874922910104177
206	getitem_random	ns_per_op	63	array	0.6767322576153377
207	append_only	ns_per_op	127407	ring	1.2395394090327616
207	append_only	ns_per_op	127407	array	1.1050712217281489
208	append_popleft_steady	ns_per_op	52680	ring	1.064035582893738
208	append_popleft_steady	ns_per_op	52680	array	0.9857971426657873
209	append_only	ns_per_op	10	ring	1.1184306762860705
209	append_only	ns_per_op	10	array	1.0609491863367282
210	append_popleft_steady	ns_per_op	245196	ring	1.076668459602305
210	append_popleft_steady	ns_per_op	245196	array	1.0301638051720898
211	steady_maxlen_latency	max_ns	596758	ring	0.3463832669115157
211	steady_maxlen_latency	max_ns	596758	array	16.758198536115234
211	steady_maxlen_latency	p50_ns	596758	ring	1.0
211	steady_maxlen_latency	p50_ns	596758	array	0.9215686274509803
211	steady_maxlen_latency	p999_ns	596758	ring	1.0134228187919463
211	steady_maxlen_latency	p999_ns	596758	array	4.852348993288591
211	steady_maxlen_latency	p99_ns	596758	ring	1.140625
211	steady_maxlen_latency	p99_ns	596758	array	1.921875
212	steady_maxlen_latency	max_ns	46	ring	3.7346138769110153
212	steady_maxlen_latency	max_ns	46	array	1.1666013328106626
212	steady_maxlen_latency	p50_ns	46	ring	0.676056338028169
212	steady_maxlen_latency	p50_ns	46	array	1.0140845070422535
212	steady_maxlen_latency	p999_ns	46	ring	0.6459627329192547
212	steady_maxlen_latency	p999_ns	46	array	0.8757763975155279
212	steady_maxlen_latency	p99_ns	46	ring	0.7931034482758621
212	steady_maxlen_latency	p99_ns	46	array	1.2183908045977012
213	append_popleft_steady	ns_per_op	9175	ring	1.0999318948326149
213	append_popleft_steady	ns_per_op	9175	array	0.9909752021739316
214	append_only	ns_per_op	1320	ring	1.1646280556200121
214	append_only	ns_per_op	1320	array	1.0399170115179095
215	append_only	ns_per_op	40	ring	1.2532766576126948
215	append_only	ns_per_op	40	array	1.0111692551066105
216	append_popleft_steady	ns_per_op	1331	ring	1.0812907794222262
216	append_popleft_steady	ns_per_op	1331	array	0.9951758546391356
217	getitem_random	ns_per_op	3	ring	0.8473594433575379
217	getitem_random	ns_per_op	3	array	0.7327477523890895
218	append_only	ns_per_op	1074	ring	1.1921038100302401
218	append_only	ns_per_op	1074	array	1.0258250244255025
219	append_popleft_steady	ns_per_op	17	ring	1.0835489197021424
219	append_popleft_steady	ns_per_op	17	array	1.1419450203318173
220	append_latency	max_ns	72	ring	2.851145038167939
220	append_latency	max_ns	72	array	1.2671755725190839
220	append_latency	p50_ns	72	ring	0.9782608695652174
220	append_latency	p50_ns	72	array	0.9565217391304348
220	append_latency	p999_ns	72	ring	2.851145038167939
220	append_latency	p999_ns	72	array	1.2671755725190839
220	append_latency	p99_ns	72	ring	2.851145038167939
220	append_latency	p99_ns	72	array	1.2671755725190839
221	append_popleft_steady	ns_per_op	7152	ring	1.0744468949507606
221	append_popleft_steady	ns_per_op	7152	array	0.9857016132675813
222	append_popleft_steady	ns_per_op	150	ring	1.0697917759993658
222	append_popleft_steady	ns_per_op	150	array	0.9868650306038437
223	steady_maxlen_latency	max_ns	31475	ring	0.05863749637206137
223	steady_maxlen_latency	max_ns	31475	array	0.6091534142655551
223	steady_maxlen_latency	p50_ns	31475	ring	1.0416666666666667
223	steady_maxlen_latency	p50_ns	31475	array	1.0208333333333333
223	steady_maxlen_latency	p999_ns	31475	ring	0.9873417721518988
223	steady_maxlen_latency	p999_ns	31475	array	6.734177215189874
223	steady_maxlen_latency	p99_ns	31475	ring	1.171875
223	steady_maxlen_latency	p99_ns	31475	array	1.03125
224	append_popleft_steady	ns_per_op	896332	ring	1.1091901271064053
224	append_popleft_steady	ns_per_op	896332	array	0.996188324328178
225	getitem_random	ns_per_op	372	ring	1.1412709405323416
225	getitem_random	ns_per_op	372	array	1.018471569674387
226	steady_maxlen_latency	max_ns	77006	ring	12.657630522088354
226	steady_maxlen_latency	max_ns	77006	array	79.40160642570281
226	steady_maxlen_latency	p50_ns	77006	ring	1.0208333333333333
226	steady_maxlen_latency	p50_ns	77006	array	1.0416666666666667
226	steady_maxlen_latency	p999_ns	77006	ring	1.0793650793650793
226	steady_maxlen_latency	p999_ns	77006	array	4.492063492063492
226	steady_maxlen_latency	p99_ns	77006	ring	1.0
226	steady_maxlen_latency	p99_ns	77006	array	1.1551724137931034
227	append_only	ns_per_op	47	ring	1.1154788911729374
227	append_only	ns_per_op	47	array	0.9794691017585312
228	append_only	ns_per_op	15394	ring	1.304433312151241
228	append_only	ns_per_op	15394	array	1.1715495889998526
229	getitem_random	ns_per_op	6928	ring	0.4339418408149197
229	getitem_random	ns_per_op	6928	array	0.3941955321334435
230	append_popleft_steady	ns_per_op	6	ring	1.0346135530895695
230	append_popleft_steady	ns_per_op	6	array	1.0751614850822604
231	append_popleft_steady	ns_per_op	11	ring	1.0941031592236041
231	append_popleft_steady	ns_per_op	11	array	1.0643236801879006
232	getitem_random	ns_per_op	294	ring	0.9104066130727808
232	getitem_random	ns_per_op	294	array	0.7835031527033969
233	append_latency	max_ns	56	ring	2.9159663865546217
233	append_latency	max_ns	56	array	1.4915966386554622
233	append_latency	p50_ns	56	ring	1.108695652173913
233	append_latency	p50_ns	56	array	1.0
233	append_latency	p999_ns	56	ring	2.9159663865546217
233	append_latency	p999_ns	56	array	1.4915966386554622
233	append_latency	p99_ns	56	ring	2.9159663865546217
233	append_latency	p99_ns	56	array	1.4915966386554622
234	append_latency	max_ns	595	ring	2.448888888888889
234	append_latency	max_ns	595	array	2.031111111111111
234	append_latency	p50_ns	595	ring	1.4130434782608696
234	append_latency	p50_ns	595	array	1.4782608695652173
234	append_latency	p999_ns	595	ring	2.448888888888889
234	append_latency	p999_ns	595	array	2.031111111111111
234	append_latency	p99_ns	595	ring	2.0756302521008405
234	append_latency	p99_ns	595	array	1.8739495798319328
235	append_only	ns_per_op	42	ring	1.1030713408374413
235	append_only	ns_per_op	42	array	0.9883832391723376
236	getitem_random	ns_per_op	704696	ring	0.0015536784457814033
236	getitem_random	ns_per_op	704696	array	0.0013847431875857056
237	append_popleft_steady	ns_per_op	24	ring	1.0928876060288522
237	append_popleft_steady	ns_per_op	24	array	1.0990779977588665
238	append_popleft_steady	ns_per_op	18679	ring	1.0545180177021045
238	append_popleft_steady	ns_per_op	18679	array	0.9668836210574588
239	append_only	ns_per_op	19	ring	1.0739190816543118
239	append_only	ns_per_op	19	array	1.0192633208775868
240	getitem_random	ns_per_op	63	ring	0.8070792318283423
240	getitem_random	ns_per_op	63	array	0.7043788888291641
241	append_latency	max_ns	54922	ring	28.40892997639654
241	append_latency	max_ns	54922	array	16.182336742722267
241	append_latency	p50_ns	54922	ring	0.5357142857142857
241	append_latency	p50_ns	54922	array	0.5238095238095238
241	append_latency	p999_ns	54922	ring	0.4445407279029463
241	append_latency	p999_ns	54922	array	0.6325823223570191
241	append_latency	p99_ns	54922	ring	0.4647887323943662
241	append_latency	p99_ns	54922	array	0.47183098591549294
242	append_only	ns_per_op	210	ring	1.2902962108548155
242	append_only	ns_per_op	210	array	1.0346074089568071
243	append_popleft_steady	ns_per_op	48128	ring	1.0485711081553248
243	append_popleft_steady	ns_per_op	48128	array	0.970010022790222
244	append_popleft_steady	ns_per_op	2	ring	1.0777305334556344
244	append_popleft_steady	ns_per_op	2	array	1.2779306270553
245	append_only	ns_per_op	39	ring	1.0688933659967876
245	append_only	ns_per_op	39	array	1.004941432327933
246	append_popleft_steady	ns_per_op	60	ring	1.0671861495374984
246	append_popleft_steady	ns_per_op	60	array	0.9844917618688673
247	append_latency	max_ns	54	ring	1.870748299319728
247	append_latency	max_ns	54	array	0.8571428571428571
247	append_latency	p50_ns	54	ring	1.0294117647058822
247	append_latency	p50_ns	54	array	0.6764705882352942
247	append_latency	p999_ns	54	ring	1.870748299319728
247	append_latency	p999_ns	54	array	0.8571428571428571
247	append_latency	p99_ns	54	ring	1.870748299319728
247	append_latency	p99_ns	54	array	0.8571428571428571
248	append_latency	max_ns	26	ring	1.501510574018127
248	append_latency	max_ns	26	array	1.5075528700906344
248	append_latency	p50_ns	26	ring	0.9387755102040817
248	append_latency	p50_ns	26	array	1.4489795918367347
248	append_latency	p999_ns	26	ring	1.501510574018127
248	append_latency	p999_ns	26	array	1.5075528700906344
248	append_latency	p99_ns	26	ring	1.501510574018127
248	append_latency	p99_ns	26	array	1.5075528700906344
249	steady_maxlen_latency	max_ns	5244	ring	1.2215176927797096
249	steady_maxlen_latency	max_ns	5244	array	2.811413376968705
249	steady_maxlen_latency	p50_ns	5244	ring	0.9146341463414634
249	steady_maxlen_latency	p50_ns	5244	array	1.0975609756097562
249	steady_maxlen_latency	p999_ns	5244	ring	0.5707964601769911
249	steady_maxlen_latency	p999_ns	5244	array	4.331858407079646
249	steady_maxlen_latency	p99_ns	5244	ring	0.7543859649122807
249	steady_maxlen_latency	p99_ns	5244	array	0.9385964912280702
250	append_popleft_steady	ns_per_op	7313	ring	1.0803396039756965
250	append_popleft_steady	ns_per_op	7313	array	1.0075430136637618
251	append_only	ns_per_op	284	ring	1.3676887326240486
251	append_only	ns_per_op	284	array	1.0749527721308516
252	steady_maxlen_latency	max_ns	3	ring	1.2438568376068375
252	steady_maxlen_latency	max_ns	3	array	1.1685363247863247
252	steady_maxlen_latency	p50_ns	3	ring	0.9743589743589743
252	steady_maxlen_latency	p50_ns	3	array	0.6923076923076923
252	steady_maxlen_latency	p999_ns	3	ring	0.9302325581395349
252	steady_maxlen_latency	p999_ns	3	array	0.6046511627906976
252	steady_maxlen_latency	p99_ns	3	ring	1.1123595505617978
252	steady_maxlen_latency	p99_ns	3	array	0.8426966292134831
253	steady_maxlen_latency	max_ns	65278	ring	0.4516165842525675
253	steady_maxlen_latency	max_ns	65278	array	6.4133510840623815
253	steady_maxlen_latency	p50_ns	65278	ring	0.9607843137254902
253	steady_maxlen_latency	p50_ns	65278	array	0.9411764705882353
253	steady_maxlen_latency	p999_ns	65278	ring	1.0694444444444444
253	steady_maxlen_latency	p999_ns	65278	array	3.7708333333333335
253	steady_maxlen_latency	p99_ns	65278	ring	1.0
253	steady_maxlen_latency	p99_ns	65278	array	1.032258064516129
254	append_popleft_steady	ns_per_op	180	ring	1.0652641734905355
254	append_popleft_steady	ns_per_op	180	array	0.9849524118330597
255	getitem_random	ns_per_op	30878	ring	0.10393597996126525
255	getitem_random	ns_per_op	30878	array	0.09669744976606495
256	append_only	ns_per_op	8621	ring	1.0912249854136635
256	append_only	ns_per_op	8621	array	0.9671669397748874
257	append_latency	max_ns	648	ring	2.112403100775194
257	append_latency	max_ns	648	array	1.2054263565891472
257	append_latency	p50_ns	648	ring	1.0434782608695652
257	append_latency	p50_ns	648	array	1.0
257	append_latency	p999_ns	648	ring	2.112403100775194
257	append_latency	p999_ns	648	array	1.2054263565891472
257	append_latency	p99_ns	648	ring	1.5392156862745099
257	append_latency	p99_ns	648	array	1.4901960784313726
258	append_latency	max_ns	9	ring	1.9044368600682593
258	append_latency	max_ns	9	array	0.9931740614334471
258	append_latency	p50_ns	9	ring	2.0
258	append_latency	p50_ns	9	array	1.564516129032258
258	append_latency	p999_ns	9	ring	1.9044368600682593
258	append_latency	p999_ns	9	array	0.9931740614334471
258	append_latency	p99_ns	9	ring	1.9044368600682593
258	append_latency	p99_ns	9	array	0.9931740614334471
259	steady_maxlen_latency	max_ns	2	ring	2.0343642611683848
259	steady_maxlen_latency	max_ns	2	array	0.8762886597938144
259	steady_maxlen_latency	p50_ns	2	ring	1.0972222222222223
259	steady_maxlen_latency	p50_ns	2	array	1.1111111111111112
259	steady_maxlen_latency	p999_ns	2	ring	1.402061855670103
259	steady_maxlen_latency	p999_ns	2	array	1.7010309278350515
259	steady_maxlen_latency	p99_ns	2	ring	1.0365853658536586
259	steady_maxlen_latency	p99_ns	2	array	1.3902439024390243
260	steady_maxlen_latency	max_ns	776048	ring	1.0331346561054036
260	steady_maxlen_latency	max_ns	776048	array	55.33942435887381
260	steady_maxlen_latency	p50_ns	776048	ring	0.92
260	steady_maxlen_latency	p50_ns	776048	array	0.96
260	steady_maxlen_latency	p999_ns	776048	ring	0.8764705882352941
260	steady_maxlen_latency	p999_ns	776048	array	3.8823529411764706
260	steady_maxlen_latency	p99_ns	776048	ring	0.855072463768116
260	steady_maxlen_latency	p99_ns	776048	array	1.2608695652173914
261	append_latency	max_ns	346840	ring	45.45860347268798
261	append_latency	max_ns	346840	array	45.49496981891348
261	append_latency	p50_ns	346840	ring	1.0
261	append_latency	p50_ns	346840	array	1.0638297872340425
261	append_latency	p999_ns	346840	ring	0.6280487804878049
261	append_latency	p999_ns	346840	array	0.9439024390243902
261	append_latency	p99_ns	346840	ring	0.8701298701298701
261	append_latency	p99_ns	346840	array	1.1428571428571428
262	append_only	ns_per_op	1585	ring	1.190109026599686
262	append_only	ns_per_op	1585	array	0.9838118600231002
263	append_only	ns_per_op	1666	ring	1.115567376156349
263	append_only	ns_per_op	1666	array	0.9768202712827508
264	getitem_random	ns_per_op	7528	ring	0.4015732854197479
264	getitem_random	ns_per_op	7528	array	0.3617789332327194
265	getitem_random	ns_per_op	5256	ring	0.51138122773007
265	getitem_random	ns_per_op	5256	array	0.4590423969248406
266	append_popleft_steady	ns_per_op	1	ring	1.1094088075602444
266	append_popleft_steady	ns_per_op	1	array	1.3187316305881907
267	append_latency	max_ns	2868	ring	0.2586048646167967
267	append_latency	max_ns	2868	array	0.6812758145938503
267	append_latency	p50_ns	2868	ring	1.1136363636363635
267	append_latency	p50_ns	2868	array	1.0
267	append_latency	p999_ns	2868	ring	3.2236286919831225
267	append_latency	p999_ns	2868	array	6.265822784810126
267	append_latency	p99_ns	2868	ring	1.6388888888888888
267	append_latency	p99_ns	2868	array	1.0277777777777777
268	append_latency	max_ns	57473	ring	3.5907280787437075
268	append_latency	max_ns	57473	array	2.692125629273424
268	append_latency	p50_ns	57473	ring	1.1363636363636365
268	append_latency	p50_ns	57473	array	0.9545454545454546
268	append_latency	p999_ns	57473	ring	0.6301703163017032
268	append_latency	p999_ns	57473	array	0.6459854014598541
268	append_latency	p99_ns	57473	ring	1.0277777777777777
268	append_latency	p99_ns	57473	array	0.9305555555555556
269	append_latency	max_ns	30	ring	1.0399201596806387
269	append_latency	max_ns	30	array	0.6127744510978044
269	append_latency	p50_ns	30	ring	0.654320987654321
269	append_latency	p50_ns	30	array	0.5925925925925926
269	append_latency	p999_ns	30	ring	1.0399201596806387
269	append_latency	p999_ns	30	array	0.6127744510978044
269	append_latency	p99_ns	30	ring	1.0399201596806387
269	append_latency	p99_ns	30	array	0.6127744510978044
270	getitem_random	ns_per_op	132476	ring	0.02093392496935042
270	getitem_random	ns_per_op	132476	array	0.01960543912882371
271	append_popleft_steady	ns_per_op	15	ring	1.107626259710127
271	append_popleft_steady	ns_per_op	15	array	1.0355154857359044
272	getitem_random	ns_per_op	123950	ring	0.010123664515394119
272	getitem_random	ns_per_op	123950	array	0.009536913964467502
273	append_latency	max_ns	357	ring	2.04375
273	append_latency	max_ns	357	array	0.996875
273	append_latency	p50_ns	357	ring	1.0579710144927537
273	append_latency	p50_ns	357	array	0.6376811594202898
273	append_latency	p999_ns	357	ring	2.04375
273	append_latency	p999_ns	357	array	0.996875
273	append_latency	p99_ns	357	ring	1.2821782178217822
273	append_latency	p99_ns	357	array	0.7425742574257426
274	getitem_random	ns_per_op	348	ring	1.0856286364897767
274	getitem_random	ns_per_op	348	array	0.8872864814298703
275	append_latency	max_ns	1511	ring	3.344110854503464
275	append_latency	max_ns	1511	array	5.193995381062356
275	append_latency	p50_ns	1511	ring	1.0571428571428572
275	append_latency	p50_ns	1511	array	0.6714285714285714
275	append_latency	p999_ns	1511	ring	2.6617100371747213
275	append_latency	p999_ns	1511	array	1.0446096654275092
275	append_latency	p99_ns	1511	ring	2.5346534653465347
275	append_latency	p99_ns	1511	array	0.9900990099009901
276	steady_maxlen_latency	max_ns	751	ring	0.961038961038961
276	steady_maxlen_latency	max_ns	751	array	0.06536086863955716
276	steady_maxlen_latency	p50_ns	751	ring	0.9696969696969697
276	steady_maxlen_latency	p50_ns	751	array	0.7575757575757576
276	steady_maxlen_latency	p999_ns	751	ring	0.8823529411764706
276	steady_maxlen_latency	p999_ns	751	array	1.2549019607843137
276	steady_maxlen_latency	p99_ns	751	ring	1.0481927710843373
276	steady_maxlen_latency	p99_ns	751	array	0.7469879518072289
277	getitem_random	ns_per_op	90	ring	0.766544924460933
277	getitem_random	ns_per_op	90	array	0.6670618719291705
278	append_popleft_steady	ns_per_op	179	ring	1.0764861787454316
278	append_popleft_steady	ns_per_op	179	array	1.0023949340706066
279	append_latency	max_ns	149	ring	0.8986784140969163
279	append_latency	max_ns	149	array	0.6740088105726872
279	append_latency	p50_ns	149	ring	0.6521739130434783
279	append_latency	p50_ns	149	array	0.6521739130434783
279	append_latency	p999_ns	149	ring	0.8986784140969163
279	append_latency	p999_ns	149	array	0.6740088105726872
279	append_latency	p99_ns	149	ring	0.8125
279	append_latency	p99_ns	149	array	0.875
280	append_latency	max_ns	1141	ring	2.2623456790123457
280	append_latency	max_ns	1141	array	1.2469135802469136
280	append_latency	p50_ns	1141	ring	1.423728813559322
280	append_latency	p50_ns	1141	array	1.0677966101694916
280	append_latency	p999_ns	1141	ring	1.7733990147783252
280	append_latency	p999_ns	1141	array	1.748768472906404
280	append_latency	p99_ns	1141	ring	2.3508771929824563
280	append_latency	p99_ns	1141	array	1.3508771929824561
281	append_latency	max_ns	198	ring	0.6760330578512397
281	append_latency	max_ns	198	array	0.5289256198347108
281	append_latency	p50_ns	198	ring	0.4144144144144144
281	append_latency	p50_ns	198	array	0.3963963963963964
281	append_latency	p999_ns	198	ring	0.6760330578512397
281	append_latency	p999_ns	198	array	0.5289256198347108
281	append_latency	p99_ns	198	ring	0.41372141372141374
281	append_latency	p99_ns	198	array	0.48232848232848236
282	append_popleft_steady	ns_per_op	1514	ring	1.0685868821116844
282	append_popleft_steady	ns_per_op	1514	array	0.9776295305990187
283	append_latency	max_ns	16	ring	12.617760617760618
283	append_latency	max_ns	16	array	1.1891891891891893
283	append_latency	p50_ns	16	ring	1.1702127659574468
283	append_latency	p50_ns	16	array	1.3404255319148937
283	append_latency	p999_ns	16	ring	12.617760617760618
283	append_latency	p999_ns	16	array	1.1891891891891893
283	append_latency	p99_ns	16	ring	12.617760617760618
283	append_latency	p99_ns	16	array	1.1891891891891893
284	steady_maxlen_latency	max_ns	20251	ring	0.6140716069941715
284	steady_maxlen_latency	max_ns	20251	array	9.538925895087427
284	steady_maxlen_latency	p50_ns	20251	ring	0.9803921568627451
284	steady_maxlen_latency	p50_ns	20251	array	1.0588235294117647
284	steady_maxlen_latency	p999_ns	20251	ring	0.609375
284	steady_maxlen_latency	p999_ns	20251	array	4.2890625
284	steady_maxlen_latency	p99_ns	20251	ring	0.788235294117647
284	steady_maxlen_latency	p99_ns	20251	array	0.8470588235294118
285	steady_maxlen_latency	max_ns	10	ring	1.3332578160398731
285	steady_maxlen_latency	max_ns	10	array	0.6277752605346625
285	steady_maxlen_latency	p50_ns	10	ring	1.6595744680851063
285	steady_maxlen_latency	p50_ns	10	array	1.0638297872340425
285	steady_maxlen_latency	p999_ns	10	ring	2.2739726027397262
285	steady_maxlen_latency	p999_ns	10	array	1.6712328767123288
285	steady_maxlen_latency	p99_ns	10	ring	1.6842105263157894
285	steady_maxlen_latency	p99_ns	10	array	1.1929824561403508
286	append_latency	max_ns	32554	ring	12.7532981530343
286	append_latency	max_ns	32554	array	18.4349164467898
286	append_latency	p50_ns	32554	ring	0.8
286	append_latency	p50_ns	32554	array	0.7833333333333333
286	append_latency	p999_ns	32554	ring	0.7880794701986755
286	append_latency	p999_ns	32554	array	0.9845474613686535
286	append_latency	p99_ns	32554	ring	0.711340206185567
286	append_latency	p99_ns	32554	array	0.9896907216494846
287	append_popleft_steady	ns_per_op	3918	ring	1.044961444920354
287	append_popleft_steady	ns_per_op	3918	array	0.9423838586449556
288	append_popleft_steady	ns_per_op	460910	ring	1.0739061114294184
288	append_popleft_steady	ns_per_op	460910	array	1.0119020634313651
289	append_latency	max_ns	8793	ring	14.309933774834438
289	append_latency	max_ns	8793	array	10.511258278145695
289	append_latency	p50_ns	8793	ring	0.9591836734693877
289	append_latency	p50_ns	8793	array	0.9795918367346939
289	append_latency	p999_ns	8793	ring	5.252173913043478
289	append_latency	p999_ns	8793	array	6.6521739130434785
289	append_latency	p99_ns	8793	ring	1.0526315789473684
289	append_latency	p99_ns	8793	array	0.9342105263157895
290	append_only	ns_per_op	50761	ring	1.2152028081114756
290	append_only	ns_per_op	50761	array	0.9314287738487109
291	append_latency	max_ns	18	ring	2.866359447004608
291	append_latency	max_ns	18	array	1.5898617511520738
291	append_latency	p50_ns	18	ring	1.2173913043478262
291	append_latency	p50_ns	18	array	1.2391304347826086
291	append_latency	p999_ns	18	ring	2.866359447004608
291	append_latency	p999_ns	18	array	1.5898617511520738
291	append_latency	p99_ns	18	ring	2.866359447004608
291	append_latency	p99_ns	18	array	1.5898617511520738
292	getitem_random	ns_per_op	49	ring	0.8182398014428958
292	getitem_random	ns_per_op	49	array	0.7181687562760942
293	steady_maxlen_latency	max_ns	652	ring	0.5706141963957337
293	steady_maxlen_latency	max_ns	652	array	0.6061051857300478
293	steady_maxlen_latency	p50_ns	652	ring	1.0266666666666666
293	steady_maxlen_latency	p50_ns	652	array	0.9866666666666667
293	steady_maxlen_latency	p999_ns	652	ring	0.917910447761194
293	steady_maxlen_latency	p999_ns	652	array	2.201492537313433
293	steady_maxlen_latency	p99_ns	652	ring	0.9302325581395349
293	steady_maxlen_latency	p99_ns	652	array	0.9767441860465116
294	getitem_random	ns_per_op	7	ring	0.9386380676774246
294	getitem_random	ns_per_op	7	array	0.7794940453769948
295	getitem_random	ns_per_op	4	ring	0.8860184962743893
295	getitem_random	ns_per_op	4	array	0.7337930072202161
296	append_popleft_steady	ns_per_op	3131	ring	1.0866146417217655
296	append_popleft_steady	ns_per_op	3131	array	1.0029880731306524
297	append_latency	max_ns	479659	ring	30.160629154052266
297	append_latency	max_ns	479659	array	23.8735080210182
297	append_latency	p50_ns	479659	ring	1.0222222222222221
297	append_latency	p50_ns	479659	array	0.9777777777777777
297	append_latency	p999_ns	479659	ring	0.6904458598726114
297	append_latency	p999_ns	479659	array	0.8484076433121019
297	append_latency	p99_ns	479659	ring	0.9861111111111112
297	append_latency	p99_ns	479659	array	0.8888888888888888
298	getitem_random	ns_per_op	4	ring	0.8657176945760473
298	getitem_random	ns_per_op	4	array	0.7426855729263679
299	steady_maxlen_latency	max_ns	560295	ring	1.0376512596707002
299	steady_maxlen_latency	max_ns	560295	array	46.67423130331284
299	steady_maxlen_latency	p50_ns	560295	ring	0.9787234042553191
299	steady_maxlen_latency	p50_ns	560295	array	1.0851063829787233
299	steady_maxlen_latency	p999_ns	560295	ring	0.9240506329113924
299	steady_maxlen_latency	p999_ns	560295	array	4.39873417721519
299	steady_maxlen_latency	p99_ns	560295	ring	0.9365079365079365
299	steady_maxlen_latency	p99_ns	560295	array	1.0476190476190477
