0	rotate1_steady	ns_per_op	18	ring	1.1476484221341734
0	rotate1_steady	ns_per_op	18	array	1.8535034734304174
1	rotate1_steady	ns_per_op	301392	ring	1.1744570249865252
1	rotate1_steady	ns_per_op	301392	array	1.8458373234716732
2	rotate1_steady	ns_per_op	252	ring	1.1725729733352808
2	rotate1_steady	ns_per_op	252	array	1.8433976426198566
3	append_latency	max_ns	7	ring	1.7033398821218075
3	append_latency	max_ns	7	array	0.9174852652259332
3	append_latency	p50_ns	7	ring	0.7647058823529411
3	append_latency	p50_ns	7	array	1.6
3	append_latency	p999_ns	7	ring	1.7033398821218075
3	append_latency	p999_ns	7	array	0.9174852652259332
3	append_latency	p99_ns	7	ring	1.7033398821218075
3	append_latency	p99_ns	7	array	0.9174852652259332
4	append_popleft_steady	ns_per_op	102	ring	1.0161030029078855
4	append_popleft_steady	ns_per_op	102	array	0.9760286339682374
5	append_popleft_steady	ns_per_op	321	ring	1.0603555415492338
5	append_popleft_steady	ns_per_op	321	array	0.9962792346027879
6	append_latency	max_ns	8	ring	1.7237113402061857
6	append_latency	max_ns	8	array	0.6391752577319587
6	append_latency	p50_ns	8	ring	0.5583333333333333
6	append_latency	p50_ns	8	array	0.8
6	append_latency	p999_ns	8	ring	1.7237113402061857
6	append_latency	p999_ns	8	array	0.6391752577319587
6	append_latency	p99_ns	8	ring	1.7237113402061857
6	append_latency	p99_ns	8	array	0.6391752577319587
7	append_only	ns_per_op	24	ring	1.1127831546402667
7	append_only	ns_per_op	24	array	1.057331073705007
8	getitem_random	ns_per_op	41777	ring	0.06890412374031102
8	getitem_random	ns_per_op	41777	array	0.05995345072563984
9	steady_maxlen_latency	max_ns	478683	ring	0.07036630273273467
9	steady_maxlen_latency	max_ns	478683	array	14.401912268234382
9	steady_maxlen_latency	p50_ns	478683	ring	0.9615384615384616
9	steady_maxlen_latency	p50_ns	478683	array	0.9615384615384616
9	steady_maxlen_latency	p999_ns	478683	ring	1.1570680628272252
9	steady_maxlen_latency	p999_ns	478683	array	4.335078534031414
9	steady_maxlen_latency	p99_ns	478683	ring	1.1743119266055047
9	steady_maxlen_latency	p99_ns	478683	array	0.6146788990825688
10	getitem_random	ns_per_op	17466	ring	0.20084067042493067
10	getitem_random	ns_per_op	17466	array	0.17960101405970255
11	getitem_random	ns_per_op	1	ring	1.2379072980972188
11	getitem_random	ns_per_op	1	array	0.9614330397392583
12	append_only	ns_per_op	5	ring	1.255143251411168
12	append_only	ns_per_op	5	array	0.9607273898595596
13	getitem_random	ns_per_op	47734	ring	0.07217738290435462
13	getitem_random	ns_per_op	47734	array	0.06646308810590836
14	rotate1_steady	ns_per_op	915	ring	1.172302747508587
14	rotate1_steady	ns_per_op	915	array	1.964674928386984
15	steady_maxlen_latency	max_ns	88975	ring	0.9367293309076208
15	steady_maxlen_latency	max_ns	88975	array	59.47746108752779
15	steady_maxlen_latency	p50_ns	88975	ring	0.7741935483870968
15	steady_maxlen_latency	p50_ns	88975	array	1.3225806451612903
15	steady_maxlen_latency	p999_ns	88975	ring	1.1636363636363636
15	steady_maxlen_latency	p999_ns	88975	array	5.654545454545454
15	steady_maxlen_latency	p99_ns	88975	ring	0.7272727272727273
15	steady_maxlen_latency	p99_ns	88975	array	0.8888888888888888
16	getitem_random	ns_per_op	42572	ring	0.08318988894178962
16	getitem_random	ns_per_op	42572	array	0.07224139195263242
17	append_popleft_steady	ns_per_op	908	ring	1.0320918392604488
17	append_popleft_steady	ns_per_op	908	array	0.9718713637440848
18	append_popleft_steady	ns_per_op	29587	ring	1.0619349746033675
18	append_popleft_steady	ns_per_op	29587	array	0.9742908214690859
19	steady_maxlen_latency	max_ns	732751	ring	1.07275728525173
19	steady_maxlen_latency	max_ns	732751	array	183.87657926480858
19	steady_maxlen_latency	p50_ns	732751	ring	1.0833333333333333
19	steady_maxlen_latency	p50_ns	732751	array	1.0208333333333333
19	steady_maxlen_latency	p999_ns	732751	ring	1.043010752688172
19	steady_maxlen_latency	p999_ns	732751	array	4.537634408602151
19	steady_maxlen_latency	p99_ns	732751	ring	1.05
19	steady_maxlen_latency	p99_ns	732751	array	1.65
20	getitem_random	ns_per_op	815	ring	1.1315155325666606
20	getitem_random	ns_per_op	815	array	0.9468683161615155
21	append_latency	max_ns	1	ring	1.758555133079848
21	append_latency	max_ns	1	array	0.688212927756654
21	append_latency	p50_ns	1	ring	1.758555133079848
21	append_latency	p50_ns	1	array	0.688212927756654
21	append_latency	p999_ns	1	ring	1.758555133079848
21	append_latency	p999_ns	1	array	0.688212927756654
21	append_latency	p99_ns	1	ring	1.758555133079848
21	append_latency	p99_ns	1	array	0.688212927756654
22	rotate1_steady	ns_per_op	1674	ring	1.0834105131591092
22	rotate1_steady	ns_per_op	1674	array	1.6901921104997215
23	steady_maxlen_latency	max_ns	732975	ring	0.43346037795775766
23	steady_maxlen_latency	max_ns	732975	array	129.271557884707
23	steady_maxlen_latency	p50_ns	732975	ring	1.0204081632653061
23	steady_maxlen_latency	p50_ns	732975	array	0.9591836734693877
23	steady_maxlen_latency	p999_ns	732975	ring	1.175531914893617
23	steady_maxlen_latency	p999_ns	732975	array	4.601063829787234
23	steady_maxlen_latency	p99_ns	732975	ring	0.9876543209876543
23	steady_maxlen_latency	p99_ns	732975	array	0.8148148148148148
24	append_latency	max_ns	11	ring	8.25389755011136
24	append_latency	max_ns	11	array	1.024498886414254
24	append_latency	p50_ns	11	ring	1.0545454545454545
24	append_latency	p50_ns	11	array	2.1454545454545455
24	append_latency	p999_ns	11	ring	8.25389755011136
24	append_latency	p999_ns	11	array	1.024498886414254
24	append_latency	p99_ns	11	ring	8.25389755011136
24	append_latency	p99_ns	11	array	1.024498886414254
25	rotate1_steady	ns_per_op	2030	ring	1.3658657434155994
25	rotate1_steady	ns_per_op	2030	array	1.7984127942809554
26	getitem_random	ns_per_op	8682	ring	0.34346762070584813
26	getitem_random	ns_per_op	8682	array	0.31994682151601994
27	getitem_random	ns_per_op	428389	ring	0.007489645364899954
27	getitem_random	ns_per_op	428389	array	0.007996649284797286
28	rotate1_steady	ns_per_op	703401	ring	1.147119030347994
28	rotate1_steady	ns_per_op	703401	array	1.825781604712584
29	append_popleft_steady	ns_per_op	88	ring	0.9521370272993176
29	append_popleft_steady	ns_per_op	88	array	0.9313879569134019
30	append_only	ns_per_op	292	ring	1.1146778358129468
30	append_only	ns_per_op	292	array	1.0375418487853225
31	append_popleft_steady	ns_per_op	3	ring	1.0751593013242486
31	append_popleft_steady	ns_per_op	3	array	1.1408183382170294
32	append_popleft_steady	ns_per_op	29135	ring	1.030988662040935
32	append_popleft_steady	ns_per_op	29135	array	0.9742747055378592
33	append_popleft_steady	ns_per_op	2	ring	1.0634327710488607
33	append_popleft_steady	ns_per_op	2	array	1.287472278796196
34	getitem_random	ns_per_op	1122	ring	0.9858603820729661
34	getitem_random	ns_per_op	1122	array	0.8328680473776694
35	append_popleft_steady	ns_per_op	5	ring	1.0525419014144166
35	append_popleft_steady	ns_per_op	5	array	1.098191984868345
36	getitem_random	ns_per_op	240457	ring	0.004716369870412783
36	getitem_random	ns_per_op	240457	array	0.004247847458663082
37	steady_maxlen_latency	max_ns	129	ring	0.98152221733392
37	steady_maxlen_latency	max_ns	129	array	1.372195336559613
37	steady_maxlen_latency	p50_ns	129	ring	0.684931506849315
37	steady_maxlen_latency	p50_ns	129	array	1.0410958904109588
37	steady_maxlen_latency	p999_ns	129	ring	0.8787878787878788
37	steady_maxlen_latency	p999_ns	129	array	2.191919191919192
37	steady_maxlen_latency	p99_ns	129	ring	0.8095238095238095
37	steady_maxlen_latency	p99_ns	129	array	1.7023809523809523
38	append_popleft_steady	ns_per_op	74826	ring	1.0480792118361806
38	append_popleft_steady	ns_per_op	74826	array	0.9874232984296414
39	append_latency	max_ns	83525	ring	5.720088100019434
39	append_latency	max_ns	83525	array	8.710662693528535
39	append_latency	p50_ns	83525	ring	1.0
39	append_latency	p50_ns	83525	array	1.565217391304348
39	append_latency	p999_ns	83525	ring	1.104325699745547
39	append_latency	p999_ns	83525	array	1.5661577608142494
39	append_latency	p99_ns	83525	ring	1.2702702702702702
39	append_latency	p99_ns	83525	array	1.135135135135135
40	rotate1_steady	ns_per_op	6673	ring	1.1650773590473487
40	rotate1_steady	ns_per_op	6673	array	1.8258301288240268
41	steady_maxlen_latency	max_ns	519772	ring	0.45207207207207206
41	steady_maxlen_latency	max_ns	519772	array	181.60027027027027
41	steady_maxlen_latency	p50_ns	519772	ring	1.0
41	steady_maxlen_latency	p50_ns	519772	array	0.96
41	steady_maxlen_latency	p999_ns	519772	ring	1.0135746606334841
41	steady_maxlen_latency	p999_ns	519772	array	4.217194570135747
41	steady_maxlen_latency	p99_ns	519772	ring	1.0
41	steady_maxlen_latency	p99_ns	519772	array	0.6377952755905512
42	steady_maxlen_latency	max_ns	4201	ring	0.13642707606420099
42	steady_maxlen_latency	max_ns	4201	array	5.438241451500349
42	steady_maxlen_latency	p50_ns	4201	ring	1.0208333333333333
42	steady_maxlen_latency	p50_ns	4201	array	1.5208333333333333
42	steady_maxlen_latency	p999_ns	4201	ring	0.6585365853658537
42	steady_maxlen_latency	p999_ns	4201	array	10.658536585365853
42	steady_maxlen_latency	p99_ns	4201	ring	1.103448275862069
42	steady_maxlen_latency	p99_ns	4201	array	1.3448275862068966
43	rotate1_steady	ns_per_op	132	ring	1.1577206430833897
43	rotate1_steady	ns_per_op	132	array	1.8184699241960658
44	append_latency	max_ns	14254	ring	0.7989662234647769
44	append_latency	max_ns	14254	array	1.0758752966418517
44	append_latency	p50_ns	14254	ring	0.9333333333333333
44	append_latency	p50_ns	14254	array	0.64
44	append_latency	p999_ns	14254	ring	1.0037936267071321
44	append_latency	p999_ns	14254	array	0.7215477996965098
44	append_latency	p99_ns	14254	ring	0.7706422018348624
44	append_latency	p99_ns	14254	array	0.6513761467889908
45	rotate1_steady	ns_per_op	1	ring	0.9478285448257852
45	rotate1_steady	ns_per_op	1	array	2.038435409331265
46	getitem_random	ns_per_op	23	ring	0.9280596591520592
46	getitem_random	ns_per_op	23	array	0.7110588535919239
47	append_only	ns_per_op	263	ring	1.117157750387324
47	append_only	ns_per_op	263	array	1.075923816617949
48	append_popleft_steady	ns_per_op	10048	ring	1.0422672912576663
48	append_popleft_steady	ns_per_op	10048	array	0.9692825121173404
49	getitem_random	ns_per_op	209808	ring	0.005528327776208069
49	getitem_random	ns_per_op	209808	array	0.004650017215958408
50	append_latency	max_ns	242708	ring	113.59649122807018
50	append_latency	max_ns	242708	array	252.45130066545676
50	append_latency	p50_ns	242708	ring	1.0217391304347827
50	append_latency	p50_ns	242708	array	1.5217391304347827
50	append_latency	p999_ns	242708	ring	0.8475336322869955
50	append_latency	p999_ns	242708	array	1.0975336322869955
50	append_latency	p99_ns	242708	ring	0.92
50	append_latency	p99_ns	242708	array	1.1333333333333333
51	getitem_random	ns_per_op	734812	ring	0.0014265612218337018
51	getitem_random	ns_per_op	734812	array	0.0012921229755878413
52	append_only	ns_per_op	412372	ring	1.1547634492269174
52	append_only	ns_per_op	412372	array	0.8986523408777329
53	steady_maxlen_latency	max_ns	2	ring	0.6502086230876217
53	steady_maxlen_latency	max_ns	2	array	0.7568382012053778
53	steady_maxlen_latency	p50_ns	2	ring	0.684931506849315
53	steady_maxlen_latency	p50_ns	2	array	0.726027397260274
53	steady_maxlen_latency	p999_ns	2	ring	0.8907563025210085
53	steady_maxlen_latency	p999_ns	2	array	0.6470588235294118
53	steady_maxlen_latency	p99_ns	2	ring	0.6385542168674698
53	steady_maxlen_latency	p99_ns	2	array	0.8795180722891566
54	append_popleft_steady	ns_per_op	34	ring	1.0688427978858555
54	append_popleft_steady	ns_per_op	34	array	1.7420145093132706
55	append_popleft_steady	ns_per_op	11	ring	1.0385987734310786
55	append_popleft_steady	ns_per_op	11	array	1.0277648221114906
56	steady_maxlen_latency	max_ns	3972	ring	1.225
56	steady_maxlen_latency	max_ns	3972	array	5.056097560975609
56	steady_maxlen_latency	p50_ns	3972	ring	1.0
56	steady_maxlen_latency	p50_ns	3972	array	1.0
56	steady_maxlen_latency	p999_ns	3972	ring	1.1964285714285714
56	steady_maxlen_latency	p999_ns	3972	array	4.767857142857143
56	steady_maxlen_latency	p99_ns	3972	ring	0.9176470588235294
56	steady_maxlen_latency	p99_ns	3972	array	0.9176470588235294
57	steady_maxlen_latency	max_ns	1	ring	0.12187159956474429
57	steady_maxlen_latency	max_ns	1	array	0.16938701487123686
57	steady_maxlen_latency	p50_ns	1	ring	1.0
57	steady_maxlen_latency	p50_ns	1	array	1.8333333333333333
57	steady_maxlen_latency	p999_ns	1	ring	0.6204379562043796
57	steady_maxlen_latency	p999_ns	1	array	1.0218978102189782
57	steady_maxlen_latency	p99_ns	1	ring	0.8620689655172413
57	steady_maxlen_latency	p99_ns	1	array	1.5689655172413792
58	steady_maxlen_latency	max_ns	11667	ring	0.10725769407441434
58	steady_maxlen_latency	max_ns	11667	array	8.123105190629307
58	steady_maxlen_latency	p50_ns	11667	ring	0.8795180722891566
58	steady_maxlen_latency	p50_ns	11667	array	0.5783132530120482
58	steady_maxlen_latency	p999_ns	11667	ring	1.1333333333333333
58	steady_maxlen_latency	p999_ns	11667	array	5.609523809523809
58	steady_maxlen_latency	p99_ns	11667	ring	0.8172043010752689
58	steady_maxlen_latency	p99_ns	11667	array	0.7204301075268817
59	append_popleft_steady	ns_per_op	170	ring	1.04034940608186
59	append_popleft_steady	ns_per_op	170	array	0.9922808435950734
60	append_only	ns_per_op	20485	ring	1.2290393518691483
60	append_only	ns_per_op	20485	array	1.102428347490927
61	steady_maxlen_latency	max_ns	9	ring	1.7154761904761904
61	steady_maxlen_latency	max_ns	9	array	1.711111111111111
61	steady_maxlen_latency	p50_ns	9	ring	1.0
61	steady_maxlen_latency	p50_ns	9	array	0.96
61	steady_maxlen_latency	p999_ns	9	ring	1.065934065934066
61	steady_maxlen_latency	p999_ns	9	array	0.9010989010989011
61	steady_maxlen_latency	p99_ns	9	ring	1.1694915254237288
61	steady_maxlen_latency	p99_ns	9	array	1.11864406779661
62	rotate1_steady	ns_per_op	560	ring	1.1658969761392317
62	rotate1_steady	ns_per_op	560	array	1.8587686250051068
63	append_popleft_steady	ns_per_op	191297	ring	1.0677896878868798
63	append_popleft_steady	ns_per_op	191297	array	1.004729771210705
64	getitem_random	ns_per_op	961632	ring	0.0010882147923462998
64	getitem_random	ns_per_op	961632	array	0.0009442066763184234
65	getitem_random	ns_per_op	4074	ring	0.6453664646725426
65	getitem_random	ns_per_op	4074	array	0.5587283922346646
66	rotate1_steady	ns_per_op	7	ring	1.2197810115951055
66	rotate1_steady	ns_per_op	7	array	1.8259028935095982
67	steady_maxlen_latency	max_ns	3	ring	0.6322224886118437
67	steady_maxlen_latency	max_ns	3	array	0.09110525053943898
67	steady_maxlen_latency	p50_ns	3	ring	0.6901408450704225
67	steady_maxlen_latency	p50_ns	3	array	0.7323943661971831
67	steady_maxlen_latency	p999_ns	3	ring	0.6106194690265486
67	steady_maxlen_latency	p999_ns	3	array	0.8407079646017699
67	steady_maxlen_latency	p99_ns	3	ring	0.7407407407407407
67	steady_maxlen_latency	p99_ns	3	array	0.9012345679012346
68	rotate1_steady	ns_per_op	2175	ring	1.1575775283579153
68	rotate1_steady	ns_per_op	2175	array	1.8252463583386562
69	steady_maxlen_latency	max_ns	7	ring	0.12437275985663082
69	steady_maxlen_latency	max_ns	7	array	0.12043010752688173
69	steady_maxlen_latency	p50_ns	7	ring	0.9607843137254902
69	steady_maxlen_latency	p50_ns	7	array	1.0588235294117647
69	steady_maxlen_latency	p999_ns	7	ring	0.39759036144578314
69	steady_maxlen_latency	p999_ns	7	array	0.5240963855421686
69	steady_maxlen_latency	p99_ns	7	ring	1.0
69	steady_maxlen_latency	p99_ns	7	array	1.2666666666666666
70	rotate1_steady	ns_per_op	26866	ring	1.171952621001518
70	rotate1_steady	ns_per_op	26866	array	1.8136871410075472
71	getitem_random	ns_per_op	92576	ring	0.018156804626774298
71	getitem_random	ns_per_op	92576	array	0.015900271707920875
72	steady_maxlen_latency	max_ns	25948	ring	0.9866863905325444
72	steady_maxlen_latency	max_ns	25948	array	36.030177514792896
72	steady_maxlen_latency	p50_ns	25948	ring	1.0625
72	steady_maxlen_latency	p50_ns	25948	array	1.5
72	steady_maxlen_latency	p999_ns	25948	ring	1.2517482517482517
72	steady_maxlen_latency	p999_ns	25948	array	6.223776223776224
72	steady_maxlen_latency	p99_ns	25948	ring	1.0307692307692307
72	steady_maxlen_latency	p99_ns	25948	array	1.1846153846153846
73	append_only	ns_per_op	37	ring	1.0933410405978206
73	append_only	ns_per_op	37	array	1.0093412370846984
74	getitem_random	ns_per_op	38	ring	0.914948859544913
74	getitem_random	ns_per_op	38	array	0.7042127832254542
75	rotate1_steady	ns_per_op	27	ring	1.1779901783415532
75	rotate1_steady	ns_per_op	27	array	1.8445512149337528
76	getitem_random	ns_per_op	9	ring	0.9822698891609595
76	getitem_random	ns_per_op	9	array	0.7572817360273333
77	append_latency	max_ns	5	ring	2.635658914728682
77	append_latency	max_ns	5	array	1.1666666666666667
77	append_latency	p50_ns	5	ring	1.1574074074074074
77	append_latency	p50_ns	5	array	1.8425925925925926
77	append_latency	p999_ns	5	ring	2.635658914728682
77	append_latency	p999_ns	5	array	1.1666666666666667
77	append_latency	p99_ns	5	ring	2.635658914728682
77	append_latency	p99_ns	5	array	1.1666666666666667
78	steady_maxlen_latency	max_ns	130	ring	0.004860935618617235
78	steady_maxlen_latency	max_ns	130	array	0.00741775802351682
78	steady_maxlen_latency	p50_ns	130	ring	1.0625
78	steady_maxlen_latency	p50_ns	130	array	1.5833333333333333
78	steady_maxlen_latency	p999_ns	130	ring	0.6946564885496184
78	steady_maxlen_latency	p999_ns	130	array	1.7251908396946565
78	steady_maxlen_latency	p99_ns	130	ring	0.7142857142857143
78	steady_maxlen_latency	p99_ns	130	array	1.6547619047619047
79	append_popleft_steady	ns_per_op	1636	ring	1.0269189160970456
79	append_popleft_steady	ns_per_op	1636	array	0.9635989784399508
80	append_popleft_steady	ns_per_op	35618	ring	1.0229898874848264
80	append_popleft_steady	ns_per_op	35618	array	0.9592427712028961
81	getitem_random	ns_per_op	4	ring	0.989539014047927
81	getitem_random	ns_per_op	4	array	0.7651699746597653
82	append_only	ns_per_op	494580	ring	1.2072728221127393
82	append_only	ns_per_op	494580	array	1.0143775561041142
83	rotate1_steady	ns_per_op	2	ring	1.2003904788121798
83	rotate1_steady	ns_per_op	2	array	1.8364568211458725
84	getitem_random	ns_per_op	2	ring	0.9372998993588794
84	getitem_random	ns_per_op	2	array	0.7200002928978758
85	append_latency	max_ns	272	ring	1.6688034188034189
85	append_latency	max_ns	272	array	0.9017094017094017
85	append_latency	p50_ns	272	ring	0.5921052631578947
85	append_latency	p50_ns	272	array	0.9210526315789473
85	append_latency	p999_ns	272	ring	1.6688034188034189
85	append_latency	p999_ns	272	array	0.9017094017094017
85	append_latency	p99_ns	272	ring	0.7366255144032922
85	append_latency	p99_ns	272	array	1.1893004115226338
86	append_popleft_steady	ns_per_op	12	ring	0.9916145828212483
86	append_popleft_steady	ns_per_op	12	array	0.9813302205200498
87	append_latency	max_ns	910049	ring	8.622950080515299
87	append_latency	max_ns	910049	array	10.813539452495974
87	append_latency	p50_ns	910049	ring	1.0217391304347827
87	append_latency	p50_ns	910049	array	0.9782608695652174
87	append_latency	p999_ns	910049	ring	0.9374262101534829
87	append_latency	p999_ns	910049	array	0.9126328217237308
87	append_latency	p99_ns	910049	ring	1.054054054054054
87	append_latency	p99_ns	910049	array	1.027027027027027
88	getitem_random	ns_per_op	54	ring	0.8776694349862044
88	getitem_random	ns_per_op	54	array	0.6753391013245769
89	getitem_random	ns_per_op	10910	ring	0.31663280843484437
89	getitem_random	ns_per_op	10910	array	0.27850791658164725
90	steady_maxlen_latency	max_ns	178	ring	0.5663661144894108
90	steady_maxlen_latency	max_ns	178	array	0.08010065003145314
90	steady_maxlen_latency	p50_ns	178	ring	1.04
90	steady_maxlen_latency	p50_ns	178	array	0.68
90	steady_maxlen_latency	p999_ns	178	ring	0.9538461538461539
90	steady_maxlen_latency	p999_ns	178	array	1.3
90	steady_maxlen_latency	p99_ns	178	ring	1.0
90	steady_maxlen_latency	p99_ns	178	array	1.302325581395349
91	append_latency	max_ns	6330	ring	2.207416990081932
91	append_latency	max_ns	6330	array	6.431651573954291
91	append_latency	p50_ns	6330	ring	1.1063829787234043
91	append_latency	p50_ns	6330	array	1.553191489361702
91	append_latency	p999_ns	6330	ring	4.712121212121212
91	append_latency	p999_ns	6330	array	8.136363636363637
91	append_latency	p99_ns	6330	ring	0.9868421052631579
91	append_latency	p99_ns	6330	array	1.1973684210526316
92	append_latency	max_ns	1	ring	2.022922636103152
92	append_latency	max_ns	1	array	0.7507163323782235
92	append_latency	p50_ns	1	ring	2.022922636103152
92	append_latency	p50_ns	1	array	0.7507163323782235
92	append_latency	p999_ns	1	ring	2.022922636103152
92	append_latency	p999_ns	1	array	0.7507163323782235
92	append_latency	p99_ns	1	ring	2.022922636103152
92	append_latency	p99_ns	1	array	0.7507163323782235
93	append_popleft_steady	ns_per_op	5501	ring	1.0538079347803515
93	append_popleft_steady	ns_per_op	5501	array	0.9910463708208272
94	steady_maxlen_latency	max_ns	25361	ring	0.5602919708029197
94	steady_maxlen_latency	max_ns	25361	array	29.28058394160584
94	steady_maxlen_latency	p50_ns	25361	ring	1.0204081632653061
94	steady_maxlen_latency	p50_ns	25361	array	0.9795918367346939
94	steady_maxlen_latency	p999_ns	25361	ring	0.918918918918919
94	steady_maxlen_latency	p999_ns	25361	array	3.1837837837837837
94	steady_maxlen_latency	p99_ns	25361	ring	0.6929824561403509
94	steady_maxlen_latency	p99_ns	25361	array	0.5877192982456141
95	append_latency	max_ns	13	ring	3.175287356321839
95	append_latency	max_ns	13	array	0.8074712643678161
95	append_latency	p50_ns	13	ring	1.7083333333333333
95	append_latency	p50_ns	13	array	1.2291666666666667
95	append_latency	p999_ns	13	ring	3.175287356321839
95	append_latency	p999_ns	13	array	0.8074712643678161
95	append_latency	p99_ns	13	ring	3.175287356321839
95	append_latency	p99_ns	13	array	0.8074712643678161
96	steady_maxlen_latency	max_ns	18112	ring	9.251887810140238
96	steady_maxlen_latency	max_ns	18112	array	43.53559870550162
96	steady_maxlen_latency	p50_ns	18112	ring	1.0
96	steady_maxlen_latency	p50_ns	18112	array	1.5208333333333333
96	steady_maxlen_latency	p999_ns	18112	ring	0.9825581395348837
96	steady_maxlen_latency	p999_ns	18112	array	5.8604651162790695
96	steady_maxlen_latency	p99_ns	18112	ring	0.8354430379746836
96	steady_maxlen_latency	p99_ns	18112	array	0.9873417721518988
97	append_popleft_steady	ns_per_op	2	ring	0.7884703684530863
97	append_popleft_steady	ns_per_op	2	array	0.9550656059589403
98	rotate1_steady	ns_per_op	6339	ring	1.1639205032550253
98	rotate1_steady	ns_per_op	6339	array	1.833150200377926
99	append_only	ns_per_op	9	ring	1.0797663219695783
99	append_only	ns_per_op	9	array	0.9967631556813141
100	steady_maxlen_latency	max_ns	6	ring	1.8670914883932634
100	steady_maxlen_latency	max_ns	6	array	1.4223941738734638
100	steady_maxlen_latency	p50_ns	6	ring	1.5490196078431373
100	steady_maxlen_latency	p50_ns	6	array	1.1372549019607843
100	steady_maxlen_latency	p999_ns	6	ring	1.7285714285714286
100	steady_maxlen_latency	p999_ns	6	array	1.3142857142857143
100	steady_maxlen_latency	p99_ns	6	ring	1.4516129032258065
100	steady_maxlen_latency	p99_ns	6	array	1.2580645161290323
101	getitem_random	ns_per_op	529745	ring	0.0019656097632346392
101	getitem_random	ns_per_op	529745	array	0.001713952377606469
102	steady_maxlen_latency	max_ns	28859	ring	0.6815950920245398
102	steady_maxlen_latency	max_ns	28859	array	20.200920245398773
102	steady_maxlen_latency	p50_ns	28859	ring	0.631578947368421
102	steady_maxlen_latency	p50_ns	28859	array	0.6578947368421053
102	steady_maxlen_latency	p999_ns	28859	ring	1.1375
102	steady_maxlen_latency	p999_ns	28859	array	3.7875
102	steady_maxlen_latency	p99_ns	28859	ring	0.7674418604651163
102	steady_maxlen_latency	p99_ns	28859	array	0.8837209302325582
103	append_latency	max_ns	4634	ring	0.7810512219618346
103	append_latency	max_ns	4634	array	2.2628054904586543
103	append_latency	p50_ns	4634	ring	0.6052631578947368
103	append_latency	p50_ns	4634	array	0.9210526315789473
103	append_latency	p999_ns	4634	ring	2.6614906832298137
103	append_latency	p999_ns	4634	array	2.7919254658385095
103	append_latency	p99_ns	4634	ring	0.6216216216216216
103	append_latency	p99_ns	4634	array	0.8378378378378378
104	append_popleft_steady	ns_per_op	51	ring	1.0414982333473508
104	append_popleft_steady	ns_per_op	51	array	1.0128634830893246
105	getitem_random	ns_per_op	537154	ring	0.005732496642262818
105	getitem_random	ns_per_op	537154	array	0.005029854275649526
106	getitem_random	ns_per_op	210	ring	0.8818877183389041
106	getitem_random	ns_per_op	210	array	0.6769332060267252
107	append_latency	max_ns	917	ring	3.8683127572016462
107	append_latency	max_ns	917	array	1.9341563786008231
107	append_latency	p50_ns	917	ring	1.0444444444444445
107	append_latency	p50_ns	917	array	1.1333333333333333
107	append_latency	p999_ns	917	ring	3.8683127572016462
107	append_latency	p999_ns	917	array	1.9341563786008231
107	append_latency	p99_ns	917	ring	1.101123595505618
107	append_latency	p99_ns	917	array	1.5842696629213484
108	append_latency	max_ns	6770	ring	1.172599531615925
108	append_latency	max_ns	6770	array	1.3981264637002342
108	append_latency	p50_ns	6770	ring	1.0638297872340425
108	append_latency	p50_ns	6770	array	1.0
108	append_latency	p999_ns	6770	ring	4.214689265536723
108	append_latency	p999_ns	6770	array	4.740112994350283
108	append_latency	p99_ns	6770	ring	1.0136986301369864
108	append_latency	p99_ns	6770	array	0.9452054794520548
109	append_latency	max_ns	70	ring	1.971671388101983
109	append_latency	max_ns	70	array	0.886685552407932
109	append_latency	p50_ns	70	ring	1.0227272727272727
109	append_latency	p50_ns	70	array	1.0
109	append_latency	p999_ns	70	ring	1.971671388101983
109	append_latency	p999_ns	70	array	0.886685552407932
109	append_latency	p99_ns	70	ring	1.971671388101983
109	append_latency	p99_ns	70	array	0.886685552407932
110	append_popleft_steady	ns_per_op	87961	ring	1.0330943464699989
110	append_popleft_steady	ns_per_op	87961	array	0.9981350029391479
111	steady_maxlen_latency	max_ns	32	ring	1.505604719764012
111	steady_maxlen_latency	max_ns	32	array	1.4353982300884955
111	steady_maxlen_latency	p50_ns	32	ring	1.04
111	steady_maxlen_latency	p50_ns	32	array	0.94
111	steady_maxlen_latency	p999_ns	32	ring	1.12
111	steady_maxlen_latency	p999_ns	32	array	1.1733333333333333
111	steady_maxlen_latency	p99_ns	32	ring	1.1694915254237288
111	steady_maxlen_latency	p99_ns	32	array	1.1694915254237288
112	rotate1_steady	ns_per_op	443	ring	1.1692321202261646
112	rotate1_steady	ns_per_op	443	array	1.807432822468168
113	append_latency	max_ns	3	ring	2.1144578313253013
113	append_latency	max_ns	3	array	0.9367469879518072
113	append_latency	p50_ns	3	ring	0.9836956521739131
113	append_latency	p50_ns	3	array	1.059782608695652
113	append_latency	p999_ns	3	ring	2.1144578313253013
113	append_latency	p999_ns	3	array	0.9367469879518072
113	append_latency	p99_ns	3	ring	2.1144578313253013
113	append_latency	p99_ns	3	array	0.9367469879518072
114	append_latency	max_ns	945	ring	2.768976897689769
114	append_latency	max_ns	945	array	1.4422442244224423
114	append_latency	p50_ns	945	ring	0.9791666666666666
114	append_latency	p50_ns	945	array	0.9583333333333334
114	append_latency	p999_ns	945	ring	2.768976897689769
114	append_latency	p999_ns	945	array	1.4422442244224423
114	append_latency	p99_ns	945	ring	0.9807692307692307
114	append_latency	p99_ns	945	array	1.1153846153846154
115	append_latency	max_ns	96	ring	3.291304347826087
115	append_latency	max_ns	96	array	0.9652173913043478
115	append_latency	p50_ns	96	ring	1.0222222222222221
115	append_latency	p50_ns	96	array	1.0222222222222221
115	append_latency	p999_ns	96	ring	3.291304347826087
115	append_latency	p999_ns	96	array	0.9652173913043478
115	append_latency	p99_ns	96	ring	3.291304347826087
115	append_latency	p99_ns	96	array	0.9652173913043478
116	append_latency	max_ns	417	ring	1.6905940594059405
116	append_latency	max_ns	417	array	0.9975247524752475
116	append_latency	p50_ns	417	ring	0.6617647058823529
116	append_latency	p50_ns	417	array	1.0294117647058822
116	append_latency	p999_ns	417	ring	1.6905940594059405
116	append_latency	p999_ns	417	array	0.9975247524752475
116	append_latency	p99_ns	417	ring	0.6324324324324324
116	append_latency	p99_ns	417	array	1.3783783783783783
117	append_latency	max_ns	126	ring	1.787941787941788
117	append_latency	max_ns	126	array	0.5925155925155925
117	append_latency	p50_ns	126	ring	0.6571428571428571
117	append_latency	p50_ns	126	array	0.6428571428571429
117	append_latency	p999_ns	126	ring	1.787941787941788
117	append_latency	p999_ns	126	array	0.5925155925155925
117	append_latency	p99_ns	126	ring	0.7392739273927392
117	append_latency	p99_ns	126	array	0.8778877887788779
118	steady_maxlen_latency	max_ns	39	ring	0.9445843828715366
118	steady_maxlen_latency	max_ns	39	array	0.09540302267002519
118	steady_maxlen_latency	p50_ns	39	ring	1.5
118	steady_maxlen_latency	p50_ns	39	array	1.0
118	steady_maxlen_latency	p999_ns	39	ring	1.3768115942028984
118	steady_maxlen_latency	p999_ns	39	array	1.3043478260869565
118	steady_maxlen_latency	p99_ns	39	ring	1.3015873015873016
118	steady_maxlen_latency	p99_ns	39	array	1.1587301587301588
119	append_only	ns_per_op	1926	ring	1.0491388728409292
119	append_only	ns_per_op	1926	array	0.9780381513352264
120	getitem_random	ns_per_op	13	ring	0.952059600454551
120	getitem_random	ns_per_op	13	array	0.7324106006386907
121	rotate1_steady	ns_per_op	5742	ring	1.1694155523518748
121	rotate1_steady	ns_per_op	5742	array	1.8299398049698525
122	append_popleft_steady	ns_per_op	564	ring	1.0358620727166472
122	append_popleft_steady	ns_per_op	564	array	0.9694330437947929
123	append_latency	max_ns	3377	ring	7.640378548895899
123	append_latency	max_ns	3377	array	8.870662460567823
123	append_latency	p50_ns	3377	ring	1.065217391304348
123	append_latency	p50_ns	3377	array	1.0
123	append_latency	p999_ns	3377	ring	1.6643835616438356
123	append_latency	p999_ns	3377	array	2.9863013698630136
123	append_latency	p99_ns	3377	ring	0.958904109589041
123	append_latency	p99_ns	3377	array	1.1369863013698631
124	append_latency	max_ns	6301	ring	10.222613065326634
124	append_latency	max_ns	6301	array	3.9311557788944724
124	append_latency	p50_ns	6301	ring	1.6304347826086956
124	append_latency	p50_ns	6301	array	1.173913043478261
124	append_latency	p999_ns	6301	ring	11.102702702702702
124	append_latency	p999_ns	6301	array	5.151351351351352
124	append_latency	p99_ns	6301	ring	1.2432432432432432
124	append_latency	p99_ns	6301	array	1.0810810810810811
125	append_only	ns_per_op	448	ring	1.1063511093576093
125	append_only	ns_per_op	448	array	1.0467419811130223
126	append_latency	max_ns	727161	ring	6.568884567301014
126	append_latency	max_ns	727161	array	5.47507524193175
126	append_latency	p50_ns	727161	ring	1.0222222222222221
126	append_latency	p50_ns	727161	array	1.0
126	append_latency	p999_ns	727161	ring	0.9482352941176471
126	append_latency	p999_ns	727161	array	0.9270588235294117
126	append_latency	p99_ns	727161	ring	0.9459459459459459
126	append_latency	p99_ns	727161	array	0.8918918918918919
127	append_popleft_steady	ns_per_op	21	ring	1.0321925462230164
127	append_popleft_steady	ns_per_op	21	array	1.0489499096613075
128	steady_maxlen_latency	max_ns	20	ring	1.8864447086801426
128	steady_maxlen_latency	max_ns	20	array	2.2544589774078476
128	steady_maxlen_latency	p50_ns	20	ring	1.0208333333333333
128	steady_maxlen_latency	p50_ns	20	array	1.0
128	steady_maxlen_latency	p999_ns	20	ring	1.0869565217391304
128	steady_maxlen_latency	p999_ns	20	array	1.2463768115942029
128	steady_maxlen_latency	p99_ns	20	ring	1.0
128	steady_maxlen_latency	p99_ns	20	array	1.271186440677966
129	append_popleft_steady	ns_per_op	20	ring	1.1368490229025825
129	append_popleft_steady	ns_per_op	20	array	0.9740527144246125
130	append_popleft_steady	ns_per_op	457	ring	1.0211899262168425
130	append_popleft_steady	ns_per_op	457	array	0.9591061298005721
131	append_popleft_steady	ns_per_op	2	ring	1.0641533322358712
131	append_popleft_steady	ns_per_op	2	array	1.3263877391503915
132	append_popleft_steady	ns_per_op	342376	ring	1.0647674859082261
132	append_popleft_steady	ns_per_op	342376	array	0.9738319608580024
133	append_only	ns_per_op	801770	ring	1.156655117831028
133	append_only	ns_per_op	801770	array	1.02663967243473
134	append_latency	max_ns	79	ring	3.6705882352941175
134	append_latency	max_ns	79	array	1.1568627450980393
134	append_latency	p50_ns	79	ring	1.511111111111111
134	append_latency	p50_ns	79	array	0.9777777777777777
134	append_latency	p999_ns	79	ring	3.6705882352941175
134	append_latency	p999_ns	79	array	1.1568627450980393
134	append_latency	p99_ns	79	ring	3.6705882352941175
134	append_latency	p99_ns	79	array	1.1568627450980393
135	getitem_random	ns_per_op	317068	ring	0.009634440955496584
135	getitem_random	ns_per_op	317068	array	0.008348160103216826
136	append_only	ns_per_op	91	ring	1.1163698463039766
136	append_only	ns_per_op	91	array	1.1035652168889416
137	rotate1_steady	ns_per_op	162	ring	1.177936359614724
137	rotate1_steady	ns_per_op	162	array	1.850703178952673
138	append_popleft_steady	ns_per_op	1376	ring	1.0448326316421022
138	append_popleft_steady	ns_per_op	1376	array	0.9834882996163119
139	append_only	ns_per_op	191146	ring	1.1430408117109945
139	append_only	ns_per_op	191146	array	1.1316427299877374
140	append_only	ns_per_op	16	ring	1.0532543868323132
140	append_only	ns_per_op	16	array	1.0221358728858285
141	rotate1_steady	ns_per_op	2	ring	1.1975522341494003
141	rotate1_steady	ns_per_op	2	array	1.8405109841547902
142	steady_maxlen_latency	max_ns	11	ring	1.5071707953063884
142	steady_maxlen_latency	max_ns	11	array	0.2325076053889613
142	steady_maxlen_latency	p50_ns	11	ring	1.0
142	steady_maxlen_latency	p50_ns	11	array	1.469387755102041
142	steady_maxlen_latency	p999_ns	11	ring	0.9054054054054054
142	steady_maxlen_latency	p999_ns	11	array	1.4594594594594594
142	steady_maxlen_latency	p99_ns	11	ring	1.0169491525423728
142	steady_maxlen_latency	p99_ns	11	array	1.6440677966101696
143	getitem_random	ns_per_op	4	ring	0.9836180116525488
143	getitem_random	ns_per_op	4	array	0.7518312754113536
144	rotate1_steady	ns_per_op	417496	ring	1.1615462757072392
144	rotate1_steady	ns_per_op	417496	array	1.8480988608482705
145	append_only	ns_per_op	4759	ring	1.0446484596570882
145	append_only	ns_per_op	4759	array	0.9686084960766257
146	append_latency	max_ns	97	ring	1.6768149882903982
146	append_latency	max_ns	97	array	1.0374707259953162
146	append_latency	p50_ns	97	ring	0.6617647058823529
146	append_latency	p50_ns	97	array	0.6323529411764706
146	append_latency	p999_ns	97	ring	1.6768149882903982
146	append_latency	p999_ns	97	array	1.0374707259953162
146	append_latency	p99_ns	97	ring	1.6768149882903982
146	append_latency	p99_ns	97	array	1.0374707259953162
147	append_latency	max_ns	109	ring	2.4126984126984126
147	append_latency	max_ns	109	array	1.3555555555555556
147	append_latency	p50_ns	109	ring	1.0851063829787233
147	append_latency	p50_ns	109	array	1.425531914893617
147	append_latency	p999_ns	109	ring	2.4126984126984126
147	append_latency	p999_ns	109	array	1.3555555555555556
147	append_latency	p99_ns	109	ring	1.223463687150838
147	append_latency	p99_ns	109	array	1.893854748603352
148	append_only	ns_per_op	3	ring	0.9795631549044388
148	append_only	ns_per_op	3	array	0.8999756561315309
149	getitem_random	ns_per_op	624	ring	1.2324010222462232
149	getitem_random	ns_per_op	624	array	1.004886476556183
150	rotate1_steady	ns_per_op	28	ring	1.1767090039160033
150	rotate1_steady	ns_per_op	28	array	1.8542803043287321
151	append_latency	max_ns	8	ring	1.7264957264957266
151	append_latency	max_ns	8	array	0.8575498575498576
151	append_latency	p50_ns	8	ring	0.4782608695652174
151	append_latency	p50_ns	8	array	0.9652173913043478
151	append_latency	p999_ns	8	ring	1.7264957264957266
151	append_latency	p999_ns	8	array	0.8575498575498576
151	append_latency	p99_ns	8	ring	1.7264957264957266
151	append_latency	p99_ns	8	array	0.8575498575498576
152	append_latency	max_ns	389568	ring	12.344683709911248
152	append_latency	max_ns	389568	array	12.701389625543651
152	append_latency	p50_ns	389568	ring	0.94
152	append_latency	p50_ns	389568	array	0.88
152	append_latency	p999_ns	389568	ring	0.9295774647887324
152	append_latency	p999_ns	389568	array	0.8286384976525821
152	append_latency	p99_ns	389568	ring	0.9358974358974359
152	append_latency	p99_ns	389568	array	0.9487179487179487
153	rotate1_steady	ns_per_op	31	ring	1.1740138496184402
153	rotate1_steady	ns_per_op	31	array	1.8228986917464371
154	rotate1_steady	ns_per_op	436419	ring	1.1565848824350737
154	rotate1_steady	ns_per_op	436419	array	1.8129047289996498
155	rotate1_steady	ns_per_op	4	ring	1.1687800545442595
155	rotate1_steady	ns_per_op	4	array	1.863112651926301
156	rotate1_steady	ns_per_op	37	ring	1.1675395211767363
156	rotate1_steady	ns_per_op	37	array	1.8489910241550485
157	append_latency	max_ns	1280	ring	1.9144736842105263
157	append_latency	max_ns	1280	array	2.8815789473684212
157	append_latency	p50_ns	1280	ring	1.0845070422535212
157	append_latency	p50_ns	1280	array	0.8169014084507042
157	append_latency	p999_ns	1280	ring	2.29126213592233
157	append_latency	p999_ns	1280	array	2.1877022653721685
157	append_latency	p99_ns	1280	ring	1.2113821138211383
157	append_latency	p99_ns	1280	array	2.178861788617886
158	append_popleft_steady	ns_per_op	440600	ring	1.002842643410923
158	append_popleft_steady	ns_per_op	440600	array	0.9715261009196924
159	append_only	ns_per_op	19839	ring	1.2392135837476397
159	append_only	ns_per_op	19839	array	1.1236775301870936
160	getitem_random	ns_per_op	28041	ring	0.12898936749701018
160	getitem_random	ns_per_op	28041	array	0.115552396422738
161	append_popleft_steady	ns_per_op	1144	ring	1.0474221344982755
161	append_popleft_steady	ns_per_op	1144	array	0.9796419533203068
162	rotate1_steady	ns_per_op	2	ring	1.1983663723110956
162	rotate1_steady	ns_per_op	2	array	1.8488147997368503
163	append_popleft_steady	ns_per_op	26	ring	1.0416531228190793
163	append_popleft_steady	ns_per_op	26	array	1.046111803659585
164	steady_maxlen_latency	max_ns	758	ring	1.1007633587786259
164	steady_maxlen_latency	max_ns	758	array	1.7821882951653945
164	steady_maxlen_latency	p50_ns	758	ring	1.0
164	steady_maxlen_latency	p50_ns	758	array	0.9803921568627451
164	steady_maxlen_latency	p999_ns	758	ring	1.3614457831325302
164	steady_maxlen_latency	p999_ns	758	array	1.963855421686747
164	steady_maxlen_latency	p99_ns	758	ring	1.1846153846153846
164	steady_maxlen_latency	p99_ns	758	array	0.8615384615384616
165	append_latency	max_ns	55	ring	7.508264462809917
165	append_latency	max_ns	55	array	1.3099173553719008
165	append_latency	p50_ns	55	ring	1.0444444444444445
165	append_latency	p50_ns	55	array	1.0444444444444445
165	append_latency	p999_ns	55	ring	7.508264462809917
165	append_latency	p999_ns	55	array	1.3099173553719008
165	append_latency	p99_ns	55	ring	7.508264462809917
165	append_latency	p99_ns	55	array	1.3099173553719008
166	steady_maxlen_latency	max_ns	314091	ring	1.0713768115942028
166	steady_maxlen_latency	max_ns	314091	array	521.7942028985507
166	steady_maxlen_latency	p50_ns	314091	ring	1.0
166	steady_maxlen_latency	p50_ns	314091	array	0.9259259259259259
166	steady_maxlen_latency	p999_ns	314091	ring	1.08
166	steady_maxlen_latency	p999_ns	314091	array	4.708571428571428
166	steady_maxlen_latency	p99_ns	314091	ring	1.0597014925373134
166	steady_maxlen_latency	p99_ns	314091	array	1.208955223880597
167	steady_maxlen_latency	max_ns	352	ring	0.09336665152203544
167	steady_maxlen_latency	max_ns	352	array	0.832121762835075
167	steady_maxlen_latency	p50_ns	352	ring	0.9607843137254902
167	steady_maxlen_latency	p50_ns	352	array	1.4901960784313726
167	steady_maxlen_latency	p999_ns	352	ring	1.144736842105263
167	steady_maxlen_latency	p999_ns	352	array	3.789473684210526
167	steady_maxlen_latency	p99_ns	352	ring	0.8153846153846154
167	steady_maxlen_latency	p99_ns	352	array	1.2461538461538462
168	append_latency	max_ns	679685	ring	392.62312395775433
168	append_latency	max_ns	679685	array	347.4191217342968
168	append_latency	p50_ns	679685	ring	1.0888888888888888
168	append_latency	p50_ns	679685	array	1.0666666666666667
168	append_latency	p999_ns	679685	ring	0.9818621523579202
168	append_latency	p999_ns	679685	array	0.9504232164449818
168	append_latency	p99_ns	679685	ring	1.0416666666666667
168	append_latency	p99_ns	679685	array	1.0
169	getitem_random	ns_per_op	15	ring	1.0977408492248208
169	getitem_random	ns_per_op	15	array	0.7154016818149641
170	append_latency	max_ns	603	ring	1.724390243902439
170	append_latency	max_ns	603	array	0.9804878048780488
170	append_latency	p50_ns	603	ring	1.0888888888888888
170	append_latency	p50_ns	603	array	1.511111111111111
170	append_latency	p999_ns	603	ring	1.724390243902439
170	append_latency	p999_ns	603	array	0.9804878048780488
170	append_latency	p99_ns	603	ring	1.1696428571428572
170	append_latency	p99_ns	603	array	1.9732142857142858
171	append_popleft_steady	ns_per_op	13	ring	1.074534400856663
171	append_popleft_steady	ns_per_op	13	array	1.0129349489055366
172	getitem_random	ns_per_op	123919	ring	0.022502967731517793
172	getitem_random	ns_per_op	123919	array	0.024192235155987868
173	rotate1_steady	ns_per_op	176	ring	1.1710932570863248
173	rotate1_steady	ns_per_op	176	array	1.8767678443479676
174	append_only	ns_per_op	156	ring	1.1070683193345519
174	append_only	ns_per_op	156	array	1.0719115153241332
175	append_popleft_steady	ns_per_op	432677	ring	1.05162213066472
175	append_popleft_steady	ns_per_op	432677	array	1.006422036388437
176	append_popleft_steady	ns_per_op	91	ring	1.0356649668695361
176	append_popleft_steady	ns_per_op	91	array	1.010473929195596
177	rotate1_steady	ns_per_op	9	ring	1.161462650363527
177	rotate1_steady	ns_per_op	9	array	1.8616486268170833
178	append_only	ns_per_op	106	ring	1.052487631250361
178	append_only	ns_per_op	106	array	1.049276069366259
179	getitem_random	ns_per_op	2034	ring	0.8535305610718924
179	getitem_random	ns_per_op	2034	array	0.7288810750893077
180	steady_maxlen_latency	max_ns	3	ring	0.10775722168127232
180	steady_maxlen_latency	max_ns	3	array	1.1583901330736774
180	steady_maxlen_latency	p50_ns	3	ring	0.6575342465753424
180	steady_maxlen_latency	p50_ns	3	array	0.7397260273972602
180	steady_maxlen_latency	p999_ns	3	ring	0.8020833333333334
180	steady_maxlen_latency	p999_ns	3	array	0.8333333333333334
180	steady_maxlen_latency	p99_ns	3	ring	0.7831325301204819
180	steady_maxlen_latency	p99_ns	3	array	0.891566265060241
181	append_only	ns_per_op	223	ring	1.0928502336926962
181	append_only	ns_per_op	223	array	1.1025246016591785
182	steady_maxlen_latency	max_ns	2	ring	0.8085662052755288
182	steady_maxlen_latency	max_ns	2	array	0.1010707756594411
182	steady_maxlen_latency	p50_ns	2	ring	0.6666666666666666
182	steady_maxlen_latency	p50_ns	2	array	0.7066666666666667
182	steady_maxlen_latency	p999_ns	2	ring	0.7007874015748031
182	steady_maxlen_latency	p999_ns	2	array	0.6220472440944882
182	steady_maxlen_latency	p99_ns	2	ring	0.611764705882353
182	steady_maxlen_latency	p99_ns	2	array	0.8588235294117647
183	append_only	ns_per_op	105521	ring	1.1210392632084198
183	append_only	ns_per_op	105521	array	1.0448393538344054
184	append_latency	max_ns	80	ring	2.1877133105802047
184	append_latency	max_ns	80	array	0.9761092150170648
184	append_latency	p50_ns	80	ring	1.1041666666666667
184	append_latency	p50_ns	80	array	0.9583333333333334
184	append_latency	p999_ns	80	ring	2.1877133105802047
184	append_latency	p999_ns	80	array	0.9761092150170648
184	append_latency	p99_ns	80	ring	2.1877133105802047
184	append_latency	p99_ns	80	array	0.9761092150170648
185	append_popleft_steady	ns_per_op	61	ring	1.0451613633747814
185	append_popleft_steady	ns_per_op	61	array	1.0104585305370186
186	getitem_random	ns_per_op	1	ring	1.2508342228259917
186	getitem_random	ns_per_op	1	array	0.9587670168920366
187	rotate1_steady	ns_per_op	162279	ring	1.173262970898318
187	rotate1_steady	ns_per_op	162279	array	1.8120243374559064
188	append_only	ns_per_op	70	ring	1.1652972775733574
188	append_only	ns_per_op	70	array	1.0624624282164392
189	steady_maxlen_latency	max_ns	43	ring	0.1586428243924805
189	steady_maxlen_latency	max_ns	43	array	0.17423200366804217
189	steady_maxlen_latency	p50_ns	43	ring	1.0
189	steady_maxlen_latency	p50_ns	43	array	1.0208333333333333
189	steady_maxlen_latency	p999_ns	43	ring	1.3026315789473684
189	steady_maxlen_latency	p999_ns	43	array	1.763157894736842
189	steady_maxlen_latency	p99_ns	43	ring	1.2586206896551724
189	steady_maxlen_latency	p99_ns	43	array	1.2413793103448276
190	steady_maxlen_latency	max_ns	11852	ring	1.2194409678765123
190	steady_maxlen_latency	max_ns	11852	array	13.585732165206508
190	steady_maxlen_latency	p50_ns	11852	ring	1.0416666666666667
190	steady_maxlen_latency	p50_ns	11852	array	1.0833333333333333
190	steady_maxlen_latency	p999_ns	11852	ring	1.486842105263158
190	steady_maxlen_latency	p999_ns	11852	array	7.631578947368421
190	steady_maxlen_latency	p99_ns	11852	ring	1.1896551724137931
190	steady_maxlen_latency	p99_ns	11852	array	1.2241379310344827
191	append_popleft_steady	ns_per_op	4	ring	1.0454761946465467
191	append_popleft_steady	ns_per_op	4	array	1.1622950961195397
192	append_latency	max_ns	18	ring	2.718146718146718
192	append_latency	max_ns	18	array	1.2393822393822393
192	append_latency	p50_ns	18	ring	1.0
192	append_latency	p50_ns	18	array	1.2083333333333333
192	append_latency	p999_ns	18	ring	2.718146718146718
192	append_latency	p999_ns	18	array	1.2393822393822393
192	append_latency	p99_ns	18	ring	2.718146718146718
192	append_latency	p99_ns	18	array	1.2393822393822393
193	append_popleft_steady	ns_per_op	6516	ring	1.049496926638868
193	append_popleft_steady	ns_per_op	6516	array	0.9718513282079293
194	getitem_random	ns_per_op	2738	ring	0.7589873472701877
194	getitem_random	ns_per_op	2738	array	0.6358790665506112
195	append_popleft_steady	ns_per_op	6	ring	1.1221080085282142
195	append_popleft_steady	ns_per_op	6	array	1.0862859679532972
196	append_latency	max_ns	27344	ring	20.488241308793455
196	append_latency	max_ns	27344	array	26.698875255623722
196	append_latency	p50_ns	27344	ring	0.9787234042553191
196	append_latency	p50_ns	27344	array	1.0
196	append_latency	p999_ns	27344	ring	0.9096774193548387
196	append_latency	p999_ns	27344	array	0.9729032258064516
196	append_latency	p99_ns	27344	ring	0.8918918918918919
196	append_latency	p99_ns	27344	array	0.9324324324324325
197	append_only	ns_per_op	7860	ring	1.0384348612224632
197	append_only	ns_per_op	7860	array	0.9561009268172128
198	steady_maxlen_latency	max_ns	266207	ring	0.24887353559627515
198	steady_maxlen_latency	max_ns	266207	array	51.266821868428956
198	steady_maxlen_latency	p50_ns	266207	ring	1.0208333333333333
198	steady_maxlen_latency	p50_ns	266207	array	1.0208333333333333
198	steady_maxlen_latency	p999_ns	266207	ring	0.864321608040201
198	steady_maxlen_latency	p999_ns	266207	array	3.92964824120603
198	steady_maxlen_latency	p99_ns	266207	ring	0.532258064516129
198	steady_maxlen_latency	p99_ns	266207	array	1.0403225806451613
199	rotate1_steady	ns_per_op	4522	ring	1.156203950367837
199	rotate1_steady	ns_per_op	4522	array	1.819834323262483
200	steady_maxlen_latency	max_ns	14	ring	0.14471629359708485
200	steady_maxlen_latency	max_ns	14	array	0.39666840187402397
200	steady_maxlen_latency	p50_ns	14	ring	1.2291666666666667
200	steady_maxlen_latency	p50_ns	14	array	1.5208333333333333
200	steady_maxlen_latency	p999_ns	14	ring	1.051948051948052
200	steady_maxlen_latency	p999_ns	14	array	1.4415584415584415
200	steady_maxlen_latency	p99_ns	14	ring	1.1896551724137931
200	steady_maxlen_latency	p99_ns	14	array	1.6724137931034482
201	append_popleft_steady	ns_per_op	51	ring	1.0362883053436487
201	append_popleft_steady	ns_per_op	51	array	1.0137374967509545
202	append_popleft_steady	ns_per_op	843	ring	1.0405355521676136
202	append_popleft_steady	ns_per_op	843	array	0.9887280804826181
203	getitem_random	ns_per_op	5	ring	1.0243243740546697
203	getitem_random	ns_per_op	5	array	0.78947037617002
204	append_popleft_steady	ns_per_op	9555	ring	1.040859983227709
204	append_popleft_steady	ns_per_op	9555	array	0.9713044999584751
205	getitem_random	ns_per_op	23	ring	0.9193237633542359
205	getitem_random	ns_per_op	23	array	0.7073710332488292
206	append_latency	max_ns	111	ring	3.039473684210526
206	append_latency	max_ns	111	array	1.3903508771929824
206	append_latency	p50_ns	111	ring	1.0454545454545454
206	append_latency	p50_ns	111	array	1.0454545454545454
206	append_latency	p999_ns	111	ring	3.039473684210526
206	append_latency	p999_ns	111	array	1.3903508771929824
206	append_latency	p99_ns	111	ring	1.16580310880829
206	append_latency	p99_ns	111	array	1.383419689119171
207	append_popleft_steady	ns_per_op	18213	ring	1.043709345545142
207	append_popleft_steady	ns_per_op	18213	array	0.9821754261193849
208	steady_maxlen_latency	max_ns	5	ring	0.15919578114700067
208	steady_maxlen_latency	max_ns	5	array	0.8160843770599868
208	steady_maxlen_latency	p50_ns	5	ring	1.0
208	steady_maxlen_latency	p50_ns	5	array	1.88
208	steady_maxlen_latency	p999_ns	5	ring	1.0
208	steady_maxlen_latency	p999_ns	5	array	1.868421052631579
208	steady_maxlen_latency	p99_ns	5	ring	0.9523809523809523
208	steady_maxlen_latency	p99_ns	5	array	1.6031746031746033
209	rotate1_steady	ns_per_op	2382	ring	1.146995587412608
209	rotate1_steady	ns_per_op	2382	array	1.8178416286315275
210	append_latency	max_ns	6	ring	3.533333333333333
210	append_latency	max_ns	6	array	1.1725490196078432
210	append_latency	p50_ns	6	ring	1.0
210	append_latency	p50_ns	6	array	2.551282051282051
210	append_latency	p999_ns	6	ring	3.533333333333333
210	append_latency	p999_ns	6	array	1.1725490196078432
210	append_latency	p99_ns	6	ring	3.533333333333333
210	append_latency	p99_ns	6	array	1.1725490196078432
211	getitem_random	ns_per_op	4233	ring	0.623446252955753
211	getitem_random	ns_per_op	4233	array	0.5379704906684913
212	getitem_random	ns_per_op	59803	ring	0.05404564196648558
212	getitem_random	ns_per_op	59803	array	0.048120153126868175
213	steady_maxlen_latency	max_ns	6	ring	0.025501477219716996
213	steady_maxlen_latency	max_ns	6	array	0.18745140724615145
213	steady_maxlen_latency	p50_ns	6	ring	1.0
213	steady_maxlen_latency	p50_ns	6	array	1.1224489795918366
213	steady_maxlen_latency	p999_ns	6	ring	1.2
213	steady_maxlen_latency	p999_ns	6	array	1.1866666666666668
213	steady_maxlen_latency	p99_ns	6	ring	0.9836065573770492
213	steady_maxlen_latency	p99_ns	6	array	1.2131147540983607
214	rotate1_steady	ns_per_op	149	ring	1.177081917249266
214	rotate1_steady	ns_per_op	149	array	1.8319804437411333
215	append_only	ns_per_op	183378	ring	1.1624497348885288
215	append_only	ns_per_op	183378	array	1.129297129955101
216	append_popleft_steady	ns_per_op	8375	ring	1.049688618667068
216	append_popleft_steady	ns_per_op	8375	array	0.9783438241526528
217	append_only	ns_per_op	3937	ring	1.0481307020633364
217	append_only	ns_per_op	3937	array	0.9665923422885229
218	getitem_random	ns_per_op	698424	ring	0.0015161160711943903
218	getitem_random	ns_per_op	698424	array	0.0013450003172869119
219	append_popleft_steady	ns_per_op	152	ring	1.0467357795014072
219	append_popleft_steady	ns_per_op	152	array	1.0268857017942772
220	rotate1_steady	ns_per_op	63	ring	1.1601022246302046
220	rotate1_steady	ns_per_op	63	array	1.845206589383285
221	rotate1_steady	ns_per_op	480	ring	1.1636053111666171
221	rotate1_steady	ns_per_op	480	array	1.8166724881049678
222	steady_maxlen_latency	max_ns	1220	ring	1.3150684931506849
222	steady_maxlen_latency	max_ns	1220	array	1.221613394216134
222	steady_maxlen_latency	p50_ns	1220	ring	0.6410256410256411
222	steady_maxlen_latency	p50_ns	1220	array	0.6282051282051282
222	steady_maxlen_latency	p999_ns	1220	ring	1.5655172413793104
222	steady_maxlen_latency	p999_ns	1220	array	2.013793103448276
222	steady_maxlen_latency	p99_ns	1220	ring	1.0568181818181819
222	steady_maxlen_latency	p99_ns	1220	array	0.7045454545454546
223	steady_maxlen_latency	max_ns	7078	ring	0.8589018302828619
223	steady_maxlen_latency	max_ns	7078	array	11.467554076539102
223	steady_maxlen_latency	p50_ns	7078	ring	1.6041666666666667
223	steady_maxlen_latency	p50_ns	7078	array	1.4791666666666667
223	steady_maxlen_latency	p999_ns	7078	ring	0.7819548872180451
223	steady_maxlen_latency	p999_ns	7078	array	6.315789473684211
223	steady_maxlen_latency	p99_ns	7078	ring	1.4385964912280702
223	steady_maxlen_latency	p99_ns	7078	array	1.3157894736842106
224	append_popleft_steady	ns_per_op	43920	ring	1.0365621249323118
224	append_popleft_steady	ns_per_op	43920	array	0.9733897997256319
225	getitem_random	ns_per_op	153	ring	0.9210829174470664
225	getitem_random	ns_per_op	153	array	0.7088395998693378
226	steady_maxlen_latency	max_ns	1995	ring	1.8278633623576692
226	steady_maxlen_latency	max_ns	1995	array	1.6208975217682517
226	steady_maxlen_latency	p50_ns	1995	ring	1.0208333333333333
226	steady_maxlen_latency	p50_ns	1995	array	1.0208333333333333
226	steady_maxlen_latency	p999_ns	1995	ring	1.0810810810810811
226	steady_maxlen_latency	p999_ns	1995	array	5.513513513513513
226	steady_maxlen_latency	p99_ns	1995	ring	1.0317460317460319
226	steady_maxlen_latency	p99_ns	1995	array	0.8888888888888888
227	append_latency	max_ns	43	ring	3.6745283018867925
227	append_latency	max_ns	43	array	1.9575471698113207
227	append_latency	p50_ns	43	ring	1.0
227	append_latency	p50_ns	43	array	1.0434782608695652
227	append_latency	p999_ns	43	ring	3.6745283018867925
227	append_latency	p999_ns	43	array	1.9575471698113207
227	append_latency	p99_ns	43	ring	3.6745283018867925
227	append_latency	p99_ns	43	array	1.9575471698113207
228	steady_maxlen_latency	max_ns	51	ring	0.23841059602649006
228	steady_maxlen_latency	max_ns	51	array	2.193257074051776
228	steady_maxlen_latency	p50_ns	51	ring	0.9607843137254902
228	steady_maxlen_latency	p50_ns	51	array	0.9215686274509803
228	steady_maxlen_latency	p999_ns	51	ring	0.9908256880733946
228	steady_maxlen_latency	p999_ns	51	array	0.7889908256880734
228	steady_maxlen_latency	p99_ns	51	ring	0.8571428571428571
228	steady_maxlen_latency	p99_ns	51	array	0.8690476190476191
229	rotate1_steady	ns_per_op	133	ring	1.1614955333772594
229	rotate1_steady	ns_per_op	133	array	1.853720852161252
230	getitem_random	ns_per_op	4	ring	0.9042664891222332
230	getitem_random	ns_per_op	4	array	0.6941982819451106
231	getitem_random	ns_per_op	1	ring	1.2480527585365517
231	getitem_random	ns_per_op	1	array	1.0723487140516612
232	getitem_random	ns_per_op	41284	ring	0.08501232238252204
232	getitem_random	ns_per_op	41284	array	0.07510058459076656
233	append_popleft_steady	ns_per_op	734	ring	1.0406084782571052
233	append_popleft_steady	ns_per_op	734	array	0.9773474394682494
234	append_popleft_steady	ns_per_op	1591	ring	1.045048935461947
234	append_popleft_steady	ns_per_op	1591	array	0.9835581457940394
235	append_latency	max_ns	937964	ring	133.9073028041154
235	append_latency	max_ns	937964	array	287.8311478716966
235	append_latency	p50_ns	937964	ring	1.0869565217391304
235	append_latency	p50_ns	937964	array	1.0217391304347827
235	append_latency	p999_ns	937964	ring	0.8389553862894451
235	append_latency	p999_ns	937964	array	0.8443960826985855
235	append_latency	p99_ns	937964	ring	0.8571428571428571
235	append_latency	p99_ns	937964	array	0.9120879120879121
236	append_only	ns_per_op	2	ring	0.9632724493434882
236	append_only	ns_per_op	2	array	0.8734433870559408
237	append_popleft_steady	ns_per_op	881	ring	1.0421510546918873
237	append_popleft_steady	ns_per_op	881	array	0.9213728037628727
238	steady_maxlen_latency	max_ns	1970	ring	0.821551132463967
238	steady_maxlen_latency	max_ns	1970	array	0.5950583390528483
238	steady_maxlen_latency	p50_ns	1970	ring	1.0138888888888888
238	steady_maxlen_latency	p50_ns	1970	array	1.0694444444444444
238	steady_maxlen_latency	p999_ns	1970	ring	0.9530201342281879
238	steady_maxlen_latency	p999_ns	1970	array	4.651006711409396
238	steady_maxlen_latency	p99_ns	1970	ring	0.9146341463414634
238	steady_maxlen_latency	p99_ns	1970	array	0.9878048780487805
239	append_popleft_steady	ns_per_op	26	ring	0.6377751980904305
239	append_popleft_steady	ns_per_op	26	array	0.6422801550467925
240	append_popleft_steady	ns_per_op	1262	ring	1.011481299894728
240	append_popleft_steady	ns_per_op	1262	array	0.9589643187047444
241	rotate1_steady	ns_per_op	2773	ring	1.1735284676036553
241	rotate1_steady	ns_per_op	2773	array	1.8179803641413121
242	append_latency	max_ns	15012	ring	6.072842438638163
242	append_latency	max_ns	15012	array	12.927553444180523
242	append_latency	p50_ns	15012	ring	1.0204081632653061
242	append_latency	p50_ns	15012	array	0.9387755102040817
242	append_latency	p999_ns	15012	ring	0.8767605633802817
242	append_latency	p999_ns	15012	array	1.0469483568075117
242	append_latency	p99_ns	15012	ring	0.961038961038961
242	append_latency	p99_ns	15012	array	0.948051948051948
243	rotate1_steady	ns_per_op	432637	ring	1.192593957754133
243	rotate1_steady	ns_per_op	432637	array	1.9289652160358262
244	steady_maxlen_latency	max_ns	70	ring	1.124716553287982
244	steady_maxlen_latency	max_ns	70	array	0.18102796674225247
244	steady_maxlen_latency	p50_ns	70	ring	0.6296296296296297
244	steady_maxlen_latency	p50_ns	70	array	0.6419753086419753
244	steady_maxlen_latency	p999_ns	70	ring	0.7071428571428572
244	steady_maxlen_latency	p999_ns	70	array	0.7642857142857142
244	steady_maxlen_latency	p99_ns	70	ring	0.7582417582417582
244	steady_maxlen_latency	p99_ns	70	array	1.098901098901099
245	rotate1_steady	ns_per_op	348	ring	1.196127218231306
245	rotate1_steady	ns_per_op	348	array	1.8325168826691949
246	rotate1_steady	ns_per_op	9	ring	1.0968596509861106
246	rotate1_steady	ns_per_op	9	array	1.7515875474738942
247	append_latency	max_ns	523523	ring	69.76682192052324
247	append_latency	max_ns	523523	array	74.21930433059161
247	append_latency	p50_ns	523523	ring	1.2083333333333333
247	append_latency	p50_ns	523523	array	0.9583333333333334
247	append_latency	p999_ns	523523	ring	1.1254658385093168
247	append_latency	p999_ns	523523	array	0.901863354037267
247	append_latency	p99_ns	523523	ring	1.0476190476190477
247	append_latency	p99_ns	523523	array	0.8214285714285714
248	append_latency	max_ns	72904	ring	42.21862449799197
248	append_latency	max_ns	72904	array	58.08609437751004
248	append_latency	p50_ns	72904	ring	0.7058823529411765
248	append_latency	p50_ns	72904	array	1.1176470588235294
248	append_latency	p999_ns	72904	ring	0.6588432523051132
248	append_latency	p999_ns	72904	array	0.9597652975691534
248	append_latency	p99_ns	72904	ring	0.7070707070707071
248	append_latency	p99_ns	72904	array	0.9090909090909091
249	append_latency	max_ns	83187	ring	50.65483188337644
249	append_latency	max_ns	83187	array	53.67787444157066
249	append_latency	p50_ns	83187	ring	1.1304347826086956
249	append_latency	p50_ns	83187	array	1.6304347826086956
249	append_latency	p999_ns	83187	ring	0.9053117782909931
249	append_latency	p999_ns	83187	array	1.2124711316397228
249	append_latency	p99_ns	83187	ring	0.9882352941176471
249	append_latency	p99_ns	83187	array	1.0588235294117647
250	getitem_random	ns_per_op	354	ring	1.1920867022086
250	getitem_random	ns_per_op	354	array	0.9823803702945847
251	rotate1_steady	ns_per_op	20	ring	1.1858572186018235
251	rotate1_steady	ns_per_op	20	array	1.8419304234391014
252	append_latency	max_ns	382494	ring	224.07700729927006
252	append_latency	max_ns	382494	array	467.3153284671533
252	append_latency	p50_ns	382494	ring	0.9215686274509803
252	append_latency	p50_ns	382494	array	1.4509803921568627
252	append_latency	p999_ns	382494	ring	1.0012987012987014
252	append_latency	p999_ns	382494	array	1.525974025974026
252	append_latency	p99_ns	382494	ring	0.9230769230769231
252	append_latency	p99_ns	382494	array	1.1153846153846154
253	steady_maxlen_latency	max_ns	414068	ring	1.2555926973515041
253	steady_maxlen_latency	max_ns	414068	array	217.62561069683724
253	steady_maxlen_latency	p50_ns	414068	ring	1.04
253	steady_maxlen_latency	p50_ns	414068	array	1.0
253	steady_maxlen_latency	p999_ns	414068	ring	0.9821428571428571
253	steady_maxlen_latency	p999_ns	414068	array	4.494047619047619
253	steady_maxlen_latency	p99_ns	414068	ring	1.0
253	steady_maxlen_latency	p99_ns	414068	array	0.9696969696969697
254	append_latency	max_ns	289	ring	3.2580645161290325
254	append_latency	max_ns	289	array	1.5
254	append_latency	p50_ns	289	ring	1.5434782608695652
254	append_latency	p50_ns	289	array	1.4782608695652173
254	append_latency	p999_ns	289	ring	3.2580645161290325
254	append_latency	p999_ns	289	array	1.5
254	append_latency	p99_ns	289	ring	1.2989690721649485
254	append_latency	p99_ns	289	array	1.556701030927835
255	append_popleft_steady	ns_per_op	10	ring	1.0374692294181573
255	append_popleft_steady	ns_per_op	10	array	1.7323776803927833
256	append_popleft_steady	ns_per_op	1	ring	0.646397283474235
256	append_popleft_steady	ns_per_op	1	array	1.2197871450591542
257	getitem_random	ns_per_op	244519	ring	0.024020549219633622
257	getitem_random	ns_per_op	244519	array	0.021719740663107848
258	append_latency	max_ns	1	ring	1.7752380952380953
258	append_latency	max_ns	1	array	0.8419047619047619
258	append_latency	p50_ns	1	ring	1.7752380952380953
258	append_latency	p50_ns	1	array	0.8419047619047619
258	append_latency	p999_ns	1	ring	1.7752380952380953
258	append_latency	p999_ns	1	array	0.8419047619047619
258	append_latency	p99_ns	1	ring	1.7752380952380953
258	append_latency	p99_ns	1	array	0.8419047619047619
259	getitem_random	ns_per_op	99	ring	0.8709884003947675
259	getitem_random	ns_per_op	99	array	0.6695230561018192
260	getitem_random	ns_per_op	933	ring	0.8921674855599273
260	getitem_random	ns_per_op	933	array	0.4759126063972663
261	append_only	ns_per_op	1	ring	0.9625264065664806
261	append_only	ns_per_op	1	array	0.5806941227014016
262	append_only	ns_per_op	2649	ring	1.5035568767602874
262	append_only	ns_per_op	2649	array	0.9708414848488264
263	append_latency	max_ns	87	ring	1.6813627254509018
263	append_latency	max_ns	87	array	0.7935871743486974
263	append_latency	p50_ns	87	ring	1.5106382978723405
263	append_latency	p50_ns	87	array	1.425531914893617
263	append_latency	p999_ns	87	ring	1.6813627254509018
263	append_latency	p999_ns	87	array	0.7935871743486974
263	append_latency	p99_ns	87	ring	1.6813627254509018
263	append_latency	p99_ns	87	array	0.7935871743486974
264	steady_maxlen_latency	max_ns	284	ring	0.1731309724564362
264	steady_maxlen_latency	max_ns	284	array	0.6762225969645869
264	steady_maxlen_latency	p50_ns	284	ring	1.0
264	steady_maxlen_latency	p50_ns	284	array	1.0612244897959184
264	steady_maxlen_latency	p999_ns	284	ring	0.7
264	steady_maxlen_latency	p999_ns	284	array	1.3066666666666666
264	steady_maxlen_latency	p99_ns	284	ring	0.7613636363636364
264	steady_maxlen_latency	p99_ns	284	array	0.7727272727272727
265	rotate1_steady	ns_per_op	15566	ring	1.0191308848609497
265	rotate1_steady	ns_per_op	15566	array	1.57828440102702
266	append_only	ns_per_op	34	ring	0.7077842812210752
266	append_only	ns_per_op	34	array	1.1708922298189186
267	append_only	ns_per_op	978	ring	0.6879644268114932
267	append_only	ns_per_op	978	array	0.9912804558453255
268	append_latency	max_ns	10	ring	2.4101694915254237
268	append_latency	max_ns	10	array	0.9898305084745763
268	append_latency	p50_ns	10	ring	1.2407407407407407
268	append_latency	p50_ns	10	array	1.7592592592592593
268	append_latency	p999_ns	10	ring	2.4101694915254237
268	append_latency	p999_ns	10	array	0.9898305084745763
268	append_latency	p99_ns	10	ring	2.4101694915254237
268	append_latency	p99_ns	10	array	0.9898305084745763
269	getitem_random	ns_per_op	43	ring	0.9194081273795577
269	getitem_random	ns_per_op	43	array	0.717909760896899
270	rotate1_steady	ns_per_op	70136	ring	1.1767404551531218
270	rotate1_steady	ns_per_op	70136	array	1.649174754083091
271	append_latency	max_ns	345711	ring	23.360873514495495
271	append_latency	max_ns	345711	array	27.522897585345547
271	append_latency	p50_ns	345711	ring	0.6410256410256411
271	append_latency	p50_ns	345711	array	0.9102564102564102
271	append_latency	p999_ns	345711	ring	0.6112469437652812
271	append_latency	p999_ns	345711	array	0.8981255093724532
271	append_latency	p99_ns	345711	ring	0.8828828828828829
271	append_latency	p99_ns	345711	array	0.7657657657657657
272	rotate1_steady	ns_per_op	12010	ring	1.0860262046397178
272	rotate1_steady	ns_per_op	12010	array	1.7232445984274092
273	append_latency	max_ns	8	ring	3.639676113360324
273	append_latency	max_ns	8	array	1.7125506072874495
273	append_latency	p50_ns	8	ring	2.309090909090909
273	append_latency	p50_ns	8	array	2.4727272727272727
273	append_latency	p999_ns	8	ring	3.639676113360324
273	append_latency	p999_ns	8	array	1.7125506072874495
273	append_latency	p99_ns	8	ring	3.639676113360324
273	append_latency	p99_ns	8	array	1.7125506072874495
274	append_only	ns_per_op	37	ring	0.7142491485176089
274	append_only	ns_per_op	37	array	0.6716880135790692
275	append_latency	max_ns	2740	ring	16.14404432132964
275	append_latency	max_ns	2740	array	12.044321329639889
275	append_latency	p50_ns	2740	ring	1.5777777777777777
275	append_latency	p50_ns	2740	array	1.7777777777777777
275	append_latency	p999_ns	2740	ring	6.8068965517241375
275	append_latency	p999_ns	2740	array	7.137931034482759
275	append_latency	p99_ns	2740	ring	1.3194444444444444
275	append_latency	p99_ns	2740	array	1.6805555555555556
276	steady_maxlen_latency	max_ns	15	ring	1.2395303326810176
276	steady_maxlen_latency	max_ns	15	array	0.8003913894324853
276	steady_maxlen_latency	p50_ns	15	ring	0.9861111111111112
276	steady_maxlen_latency	p50_ns	15	array	1.0694444444444444
276	steady_maxlen_latency	p999_ns	15	ring	1.5445544554455446
276	steady_maxlen_latency	p999_ns	15	array	1.4554455445544554
276	steady_maxlen_latency	p99_ns	15	ring	0.9204545454545454
276	steady_maxlen_latency	p99_ns	15	array	1.1477272727272727
277	append_popleft_steady	ns_per_op	16	ring	0.8091638093896252
277	append_popleft_steady	ns_per_op	16	array	0.6414272128734221
278	steady_maxlen_latency	max_ns	1682	ring	0.14297286350749291
278	steady_maxlen_latency	max_ns	1682	array	1.456865127582017
278	steady_maxlen_latency	p50_ns	1682	ring	0.6410256410256411
278	steady_maxlen_latency	p50_ns	1682	array	0.6538461538461539
278	steady_maxlen_latency	p999_ns	1682	ring	1.0509554140127388
278	steady_maxlen_latency	p999_ns	1682	array	2.4713375796178343
278	steady_maxlen_latency	p99_ns	1682	ring	1.125
278	steady_maxlen_latency	p99_ns	1682	array	1.1590909090909092
279	append_latency	max_ns	27	ring	2.0415973377703827
279	append_latency	max_ns	27	array	0.7703826955074875
279	append_latency	p50_ns	27	ring	0.8461538461538461
279	append_latency	p50_ns	27	array	1.0128205128205128
279	append_latency	p999_ns	27	ring	2.0415973377703827
279	append_latency	p999_ns	27	array	0.7703826955074875
279	append_latency	p99_ns	27	ring	2.0415973377703827
279	append_latency	p99_ns	27	array	0.7703826955074875
280	append_popleft_steady	ns_per_op	5370	ring	0.7062683927202126
280	append_popleft_steady	ns_per_op	5370	array	0.6533461691827313
281	append_popleft_steady	ns_per_op	60	ring	1.4150676025779738
281	append_popleft_steady	ns_per_op	60	array	0.9761505954736859
282	steady_maxlen_latency	max_ns	583647	ring	5.125680882157566
282	steady_maxlen_latency	max_ns	583647	array	292.111332536203
282	steady_maxlen_latency	p50_ns	583647	ring	0.96
282	steady_maxlen_latency	p50_ns	583647	array	1.0
282	steady_maxlen_latency	p999_ns	583647	ring	1.7431192660550459
282	steady_maxlen_latency	p999_ns	583647	array	13.605504587155963
282	steady_maxlen_latency	p99_ns	583647	ring	1.0232558139534884
282	steady_maxlen_latency	p99_ns	583647	array	0.9767441860465116
283	rotate1_steady	ns_per_op	121	ring	0.7049930475310626
283	rotate1_steady	ns_per_op	121	array	1.1150428478207197
284	steady_maxlen_latency	max_ns	1395	ring	0.17794871794871794
284	steady_maxlen_latency	max_ns	1395	array	2.1133333333333333
284	steady_maxlen_latency	p50_ns	1395	ring	1.0204081632653061
284	steady_maxlen_latency	p50_ns	1395	array	1.489795918367347
284	steady_maxlen_latency	p999_ns	1395	ring	1.2784810126582278
284	steady_maxlen_latency	p999_ns	1395	array	5.468354430379747
284	steady_maxlen_latency	p99_ns	1395	ring	1.206896551724138
284	steady_maxlen_latency	p99_ns	1395	array	1.9827586206896552
285	getitem_random	ns_per_op	44745	ring	0.08133834839447648
285	getitem_random	ns_per_op	44745	array	0.0690382582730053
286	append_only	ns_per_op	623882	ring	1.138819132437387
286	append_only	ns_per_op	623882	array	1.077263080411438
287	rotate1_steady	ns_per_op	79036	ring	1.7576315898847243
287	rotate1_steady	ns_per_op	79036	array	1.8061591818432043
288	getitem_random	ns_per_op	5	ring	1.0141950109940763
288	getitem_random	ns_per_op	5	array	0.8197223750071508
289	getitem_random	ns_per_op	15852	ring	0.16672064092515043
289	getitem_random	ns_per_op	15852	array	0.19401083810247155
290	append_only	ns_per_op	1204	ring	1.2876704968458401
290	append_only	ns_per_op	1204	array	0.7021478946526792
291	rotate1_steady	ns_per_op	9188	ring	1.2029494660522246
291	rotate1_steady	ns_per_op	9188	array	1.795989787038488
292	append_latency	max_ns	8860	ring	8.267964071856287
292	append_latency	max_ns	8860	array	2.492889221556886
292	append_latency	p50_ns	8860	ring	1.553191489361702
292	append_latency	p50_ns	8860	array	1.0212765957446808
292	append_latency	p999_ns	8860	ring	8.444444444444445
292	append_latency	p999_ns	8860	array	7.145833333333333
292	append_latency	p99_ns	8860	ring	1.2027027027027026
292	append_latency	p99_ns	8860	array	1.3918918918918919
293	getitem_random	ns_per_op	345	ring	1.1286447420508803
293	getitem_random	ns_per_op	345	array	0.9647225687084706
294	append_only	ns_per_op	462	ring	1.0535609757812632
294	append_only	ns_per_op	462	array	1.0349663387658212
295	rotate1_steady	ns_per_op	28	ring	1.1717210414236225
295	rotate1_steady	ns_per_op	28	array	1.7909552224906982
296	append_only	ns_per_op	41	ring	1.052156883368903
296	append_only	ns_per_op	41	array	1.0342569882780759
297	append_only	ns_per_op	4	ring	0.9508680027664662
297	append_only	ns_per_op	4	array	0.8628307780688427
298	append_latency	max_ns	97102	ring	2.2380899520822926
298	append_latency	max_ns	97102	array	1.452961092301715
298	append_latency	p50_ns	97102	ring	1.0277777777777777
298	append_latency	p50_ns	97102	array	0.6527777777777778
298	append_latency	p999_ns	97102	ring	1.1504897595725734
298	append_latency	p999_ns	97102	array	0.6366874443455031
298	append_latency	p99_ns	97102	ring	0.8888888888888888
298	append_latency	p99_ns	97102	array	0.7373737373737373
299	steady_maxlen_latency	max_ns	5178	ring	0.4708722577936391
299	steady_maxlen_latency	max_ns	5178	array	1.9420594100976174
299	steady_maxlen_latency	p50_ns	5178	ring	1.0133333333333334
299	steady_maxlen_latency	p50_ns	5178	array	0.9866666666666667
299	steady_maxlen_latency	p999_ns	5178	ring	0.6894409937888198
299	steady_maxlen_latency	p999_ns	5178	array	9.198757763975156
299	steady_maxlen_latency	p99_ns	5178	ring	0.9411764705882353
299	steady_maxlen_latency	p99_ns	5178	array	0.9294117647058824
